,frame_id,img_timestamp,identified_person,identification_confidence,face_id,age_low,age_high,smile,eyeglasses,sunglasses,gender,beard,mustache,eyesopen,mouthopen,confused,calm,happy,disgusted,angry,fear,sad,surprised
1,//Users/rentaluser/desktop/thesisVideo/videos/FullVideo/videoFaceAnalysis_temp_pilotTeam1VeroRound3/00001.png,0,P2,99.99549866,1,13,23,FALSE,FALSE,FALSE,Female,FALSE,FALSE,TRUE,FALSE,2.679625511,87.5798645,0.126800656,0.075052574,0.585548878,0.041463304,8.865019798,0.046618603
2,//Users/rentaluser/desktop/thesisVideo/videos/FullVideo/videoFaceAnalysis_temp_pilotTeam1VeroRound3/00002.png,0,P2,99.98889923,1,13,23,FALSE,FALSE,FALSE,Female,FALSE,FALSE,TRUE,FALSE,4.863611221,75.29419708,0.091284923,0.083990291,0.841210425,0.06532979,18.68545151,0.074925683
3,//Users/rentaluser/desktop/thesisVideo/videos/FullVideo/videoFaceAnalysis_temp_pilotTeam1VeroRound3/00003.png,17,P1,99.99780273,1,22,34,TRUE,TRUE,FALSE,Female,FALSE,FALSE,TRUE,TRUE,0.068989664,0.021385202,99.38500977,0.264424026,0.108055875,0.046274312,0.036203559,0.069659047
4,//Users/rentaluser/desktop/thesisVideo/videos/FullVideo/videoFaceAnalysis_temp_pilotTeam1VeroRound3/00003.png,17,P3,99.99739838,2,21,33,TRUE,FALSE,FALSE,Male,TRUE,FALSE,TRUE,FALSE,0.572538257,0.599531949,97.58561707,0.161100209,0.192006156,0.264532447,0.106837764,0.517827153
5,//Users/rentaluser/desktop/thesisVideo/videos/FullVideo/videoFaceAnalysis_temp_pilotTeam1VeroRound3/00003.png,17,P2,99.99720001,3,14,26,TRUE,FALSE,FALSE,Female,FALSE,FALSE,TRUE,TRUE,0.094222769,0.023127517,99.65499878,0.056033749,0.027918454,0.042491917,0.021006716,0.080201402
6,//Users/rentaluser/desktop/thesisVideo/videos/FullVideo/videoFaceAnalysis_temp_pilotTeam1VeroRound3/00004.png,37,P3,99.99739838,1,21,33,FALSE,FALSE,FALSE,Male,TRUE,FALSE,TRUE,FALSE,0.561842442,37.99577713,59.07590485,0.214423746,0.271393418,0.247683346,0.934054792,0.698924541
7,//Users/rentaluser/desktop/thesisVideo/videos/FullVideo/videoFaceAnalysis_temp_pilotTeam1VeroRound3/00004.png,37,P1,99.99780273,2,18,30,FALSE,TRUE,FALSE,Female,FALSE,FALSE,TRUE,FALSE,5.436789513,79.48698425,2.214419842,2.597090483,0.969500005,0.98113364,1.9136796,6.40039444
8,//Users/rentaluser/desktop/thesisVideo/videos/FullVideo/videoFaceAnalysis_temp_pilotTeam1VeroRound3/00004.png,37,P2,99.98690033,3,16,28,FALSE,FALSE,FALSE,Female,FALSE,FALSE,TRUE,FALSE,5.914185047,87.16413116,0.552059948,1.627940297,0.660198867,0.198970556,3.570282459,0.312240213
9,//Users/rentaluser/desktop/thesisVideo/videos/FullVideo/videoFaceAnalysis_temp_pilotTeam1VeroRound3/00005.png,57,P3,99.99739838,1,22,34,FALSE,FALSE,FALSE,Male,TRUE,FALSE,TRUE,FALSE,2.018306255,89.6596756,0.244484872,0.227888852,0.738702238,0.728512108,6.243714809,0.138715595
10,//Users/rentaluser/desktop/thesisVideo/videos/FullVideo/videoFaceAnalysis_temp_pilotTeam1VeroRound3/00005.png,57,P1,99.99829865,2,22,34,FALSE,TRUE,FALSE,Female,FALSE,FALSE,TRUE,FALSE,13.22171497,70.6495285,3.554184437,1.739287138,1.156058788,0.825131059,4.183560371,4.670530319
11,//Users/rentaluser/desktop/thesisVideo/videos/FullVideo/videoFaceAnalysis_temp_pilotTeam1VeroRound3/00005.png,57,P2,99.98690033,3,19,31,FALSE,FALSE,FALSE,Female,FALSE,FALSE,TRUE,FALSE,9.262663841,74.12364197,0.313019007,0.682512939,2.139703035,0.35216099,12.96867847,0.157609656
12,//Users/rentaluser/desktop/thesisVideo/videos/FullVideo/videoFaceAnalysis_temp_pilotTeam1VeroRound3/00006.png,77,P3,99.99739838,1,22,34,FALSE,FALSE,FALSE,Male,TRUE,FALSE,TRUE,FALSE,2.206092119,94.17034912,0.150798455,0.234983191,0.501952529,0.051176362,2.583024263,0.10163182
13,//Users/rentaluser/desktop/thesisVideo/videos/FullVideo/videoFaceAnalysis_temp_pilotTeam1VeroRound3/00006.png,77,P2,99.98889923,2,14,26,FALSE,FALSE,FALSE,Female,FALSE,FALSE,TRUE,FALSE,1.165515423,94.0690155,1.063452721,0.329772383,0.612541199,0.259260029,2.229668379,0.270774603
14,//Users/rentaluser/desktop/thesisVideo/videos/FullVideo/videoFaceAnalysis_temp_pilotTeam1VeroRound3/00006.png,77,P1,99.99780273,3,22,34,FALSE,TRUE,FALSE,Female,FALSE,FALSE,TRUE,FALSE,5.995524406,6.809621811,0.26525405,2.036909819,0.357871592,58.27151108,23.7857132,2.477598906
15,//Users/rentaluser/desktop/thesisVideo/videos/FullVideo/videoFaceAnalysis_temp_pilotTeam1VeroRound3/00007.png,97,P3,99.99469757,1,26,42,FALSE,FALSE,FALSE,Male,TRUE,FALSE,TRUE,TRUE,4.470227242,0.610103071,3.39032793,7.090087414,1.86888814,80.38562775,1.38176322,0.802973628
16,//Users/rentaluser/desktop/thesisVideo/videos/FullVideo/videoFaceAnalysis_temp_pilotTeam1VeroRound3/00007.png,97,P2,99.98889923,2,13,25,FALSE,FALSE,FALSE,Female,FALSE,FALSE,TRUE,FALSE,8.304432869,82.18222046,0.203337848,0.711313546,0.842288136,0.134017795,7.486215115,0.136175781
17,//Users/rentaluser/desktop/thesisVideo/videos/FullVideo/videoFaceAnalysis_temp_pilotTeam1VeroRound3/00007.png,97,P1,99.99829865,3,18,30,FALSE,TRUE,FALSE,Male,FALSE,FALSE,TRUE,FALSE,9.272770882,81.05139923,1.232381105,1.584563375,0.929155946,0.349221945,3.027021408,2.553484917
18,//Users/rentaluser/desktop/thesisVideo/videos/FullVideo/videoFaceAnalysis_temp_pilotTeam1VeroRound3/00008.png,117,P3,99.99639893,1,12,22,FALSE,FALSE,FALSE,Male,FALSE,FALSE,FALSE,FALSE,1.057331443,21.74295425,0.497538537,0.024868114,0.063248716,0.249295101,76.20635986,0.15841347
19,//Users/rentaluser/desktop/thesisVideo/videos/FullVideo/videoFaceAnalysis_temp_pilotTeam1VeroRound3/00008.png,117,P2,99.99549866,2,13,23,FALSE,FALSE,FALSE,Female,FALSE,FALSE,TRUE,FALSE,1.312280297,96.83164978,0.121281229,0.07794793,0.175169557,0.027008619,1.416425705,0.038242508
20,//Users/rentaluser/desktop/thesisVideo/videos/FullVideo/videoFaceAnalysis_temp_pilotTeam1VeroRound3/00008.png,117,P1,99.99780273,3,13,25,FALSE,TRUE,FALSE,Male,FALSE,FALSE,TRUE,FALSE,6.432353497,52.7531929,17.65620804,12.38555431,1.064973474,1.010349631,1.89857614,6.798799515
21,//Users/rentaluser/desktop/thesisVideo/videos/FullVideo/videoFaceAnalysis_temp_pilotTeam1VeroRound3/00009.png,137,P3,99.99739838,1,23,35,FALSE,FALSE,FALSE,Male,TRUE,FALSE,TRUE,FALSE,0.278608114,98.88113403,0.119055152,0.048918508,0.256322265,0.029765379,0.262617171,0.123579599
22,//Users/rentaluser/desktop/thesisVideo/videos/FullVideo/videoFaceAnalysis_temp_pilotTeam1VeroRound3/00009.png,137,P2,99.98889923,2,13,23,FALSE,FALSE,FALSE,Female,FALSE,FALSE,TRUE,FALSE,0.371380299,45.94528961,51.82603073,0.427945316,0.293330193,0.138958037,0.511694789,0.485373229
23,//Users/rentaluser/desktop/thesisVideo/videos/FullVideo/videoFaceAnalysis_temp_pilotTeam1VeroRound3/00009.png,137,P1,99.99780273,3,22,34,FALSE,TRUE,FALSE,Female,FALSE,FALSE,TRUE,FALSE,7.509377003,78.33772278,2.674576521,2.76888752,1.121750236,0.374961406,4.936336994,2.27638483
24,//Users/rentaluser/desktop/thesisVideo/videos/FullVideo/videoFaceAnalysis_temp_pilotTeam1VeroRound3/00010.png,157,P2,99.98889923,1,12,22,FALSE,FALSE,FALSE,Female,FALSE,FALSE,TRUE,FALSE,50.78076172,45.93260956,0.571043611,0.500243783,0.334019452,0.046948332,0.479569972,1.354803205
25,//Users/rentaluser/desktop/thesisVideo/videos/FullVideo/videoFaceAnalysis_temp_pilotTeam1VeroRound3/00010.png,157,P3,99.99469757,2,31,47,FALSE,FALSE,FALSE,Male,TRUE,FALSE,TRUE,TRUE,14.46828365,27.23770142,11.16835308,4.351234436,3.688996553,2.403309345,0.891302347,35.79081726
26,//Users/rentaluser/desktop/thesisVideo/videos/FullVideo/videoFaceAnalysis_temp_pilotTeam1VeroRound3/00010.png,157,P1,99.99780273,3,15,27,FALSE,TRUE,FALSE,Female,FALSE,FALSE,TRUE,FALSE,21.48028374,32.53616333,4.363524437,8.159805298,1.961673737,0.602552712,28.20369911,2.692298651
27,//Users/rentaluser/desktop/thesisVideo/videos/FullVideo/videoFaceAnalysis_temp_pilotTeam1VeroRound3/00011.png,177,P3,99.99549866,1,22,34,FALSE,FALSE,FALSE,Male,TRUE,FALSE,TRUE,TRUE,2.013751984,4.28069067,2.89204812,3.558747768,1.843292952,27.20118141,0.200050354,58.0102272
28,//Users/rentaluser/desktop/thesisVideo/videos/FullVideo/videoFaceAnalysis_temp_pilotTeam1VeroRound3/00011.png,177,P2,99.98889923,2,19,31,FALSE,FALSE,FALSE,Female,FALSE,FALSE,TRUE,FALSE,0.25802058,96.31724548,0.111688673,0.141080558,0.499727309,0.038934931,2.592698336,0.040598664
29,//Users/rentaluser/desktop/thesisVideo/videos/FullVideo/videoFaceAnalysis_temp_pilotTeam1VeroRound3/00011.png,177,P1,99.99780273,3,18,30,FALSE,TRUE,FALSE,Female,FALSE,FALSE,TRUE,FALSE,23.36978722,53.55597305,2.220467329,3.389628887,1.600611806,0.359108508,13.59941196,1.905009747
30,//Users/rentaluser/desktop/thesisVideo/videos/FullVideo/videoFaceAnalysis_temp_pilotTeam1VeroRound3/00012.png,197,P2,99.99549866,1,12,22,FALSE,FALSE,FALSE,Female,FALSE,FALSE,FALSE,FALSE,0.044502217,99.52371216,0.182875276,0.021286199,0.026205577,0.011965884,0.144609272,0.044832695
31,//Users/rentaluser/desktop/thesisVideo/videos/FullVideo/videoFaceAnalysis_temp_pilotTeam1VeroRound3/00012.png,197,P1,99.99829865,2,22,34,FALSE,TRUE,FALSE,Female,FALSE,FALSE,TRUE,FALSE,2.932030439,19.57482147,0.620372176,3.124493122,2.540856123,0.546908677,70.27458191,0.385930657
32,//Users/rentaluser/desktop/thesisVideo/videos/FullVideo/videoFaceAnalysis_temp_pilotTeam1VeroRound3/00013.png,217,P3,99.99739838,1,25,39,FALSE,FALSE,FALSE,Male,TRUE,FALSE,TRUE,FALSE,0.612469554,98.01990509,0.108529955,0.199654356,0.354337543,0.077583984,0.459922493,0.16760473
33,//Users/rentaluser/desktop/thesisVideo/videos/FullVideo/videoFaceAnalysis_temp_pilotTeam1VeroRound3/00013.png,217,P1,99.99780273,2,10,20,FALSE,TRUE,FALSE,Male,FALSE,FALSE,TRUE,FALSE,16.87890434,61.33950806,2.04992485,4.454042912,0.608572245,0.544570148,3.099730968,11.02474594
34,//Users/rentaluser/desktop/thesisVideo/videos/FullVideo/videoFaceAnalysis_temp_pilotTeam1VeroRound3/00013.png,217,P2,99.98690033,3,13,25,FALSE,FALSE,FALSE,Female,FALSE,FALSE,FALSE,FALSE,0.888356864,32.73447418,0.320753336,0.748679817,3.528482914,2.293329954,57.0647049,2.421220303
35,//Users/rentaluser/desktop/thesisVideo/videos/FullVideo/videoFaceAnalysis_temp_pilotTeam1VeroRound3/00014.png,237,P3,99.99469757,1,23,35,FALSE,FALSE,FALSE,Male,TRUE,FALSE,TRUE,FALSE,2.045535564,95.03488159,0.873605251,0.159672707,0.211286515,0.377035737,0.845163763,0.452812582
36,//Users/rentaluser/desktop/thesisVideo/videos/FullVideo/videoFaceAnalysis_temp_pilotTeam1VeroRound3/00014.png,237,P2,99.99549866,2,19,31,FALSE,FALSE,FALSE,Female,FALSE,FALSE,TRUE,FALSE,2.295953989,78.8008194,6.196018696,6.626919746,0.917951405,0.307777673,4.646482468,0.208081171
37,//Users/rentaluser/desktop/thesisVideo/videos/FullVideo/videoFaceAnalysis_temp_pilotTeam1VeroRound3/00014.png,237,P1,99.99780273,3,17,29,FALSE,TRUE,FALSE,Female,FALSE,FALSE,TRUE,FALSE,10.89584923,58.65831375,12.76943111,4.196758747,1.138666272,0.509866536,5.987028599,5.844085217
38,//Users/rentaluser/desktop/thesisVideo/videos/FullVideo/videoFaceAnalysis_temp_pilotTeam1VeroRound3/00015.png,257,P3,99.99639893,1,32,48,FALSE,FALSE,FALSE,Male,TRUE,FALSE,TRUE,FALSE,0.677451789,97.08404541,1.218113661,0.153589189,0.212067619,0.109417111,0.276409239,0.268911779
39,//Users/rentaluser/desktop/thesisVideo/videos/FullVideo/videoFaceAnalysis_temp_pilotTeam1VeroRound3/00015.png,257,P2,99.98690033,2,15,27,FALSE,FALSE,FALSE,Female,FALSE,FALSE,TRUE,FALSE,11.25654411,83.707901,0.441645652,1.980772376,0.31017828,0.160004959,1.882405996,0.260554194
40,//Users/rentaluser/desktop/thesisVideo/videos/FullVideo/videoFaceAnalysis_temp_pilotTeam1VeroRound3/00015.png,257,P1,99.99829865,3,18,30,FALSE,TRUE,FALSE,Male,FALSE,FALSE,TRUE,TRUE,14.44926834,49.14949417,3.315753222,1.53808558,0.533668697,0.655658841,0.868738055,29.4893322
41,//Users/rentaluser/desktop/thesisVideo/videos/FullVideo/videoFaceAnalysis_temp_pilotTeam1VeroRound3/00016.png,277,P3,99.99469757,1,23,35,FALSE,FALSE,FALSE,Male,TRUE,FALSE,TRUE,FALSE,31.91298866,39.85206985,0.749034941,4.233383656,2.300575018,11.00430965,3.022706032,6.924935341
42,//Users/rentaluser/desktop/thesisVideo/videos/FullVideo/videoFaceAnalysis_temp_pilotTeam1VeroRound3/00016.png,277,P2,99.98690033,2,12,22,FALSE,FALSE,FALSE,Female,FALSE,FALSE,FALSE,FALSE,36.25669098,61.05725098,0.241521329,0.150566235,0.327513069,0.135102943,1.126346588,0.705009401
43,//Users/rentaluser/desktop/thesisVideo/videos/FullVideo/videoFaceAnalysis_temp_pilotTeam1VeroRound3/00016.png,277,P1,99.99780273,3,22,34,FALSE,TRUE,FALSE,Female,FALSE,FALSE,TRUE,TRUE,0.605845988,0.529619217,0.423917234,68.6802597,0.274778008,25.32430267,0.428523779,3.732754707
44,//Users/rentaluser/desktop/thesisVideo/videos/FullVideo/videoFaceAnalysis_temp_pilotTeam1VeroRound3/00017.png,297,P3,99.99469757,1,31,47,FALSE,FALSE,FALSE,Male,TRUE,FALSE,TRUE,FALSE,28.21755981,46.71815872,2.229507923,12.04752827,3.338719845,1.395324945,1.099122405,4.95407486
45,//Users/rentaluser/desktop/thesisVideo/videos/FullVideo/videoFaceAnalysis_temp_pilotTeam1VeroRound3/00017.png,297,P2,99.98889923,2,14,26,FALSE,FALSE,FALSE,Female,FALSE,FALSE,TRUE,FALSE,1.719789386,87.56554413,0.192951798,0.949376643,1.875007391,0.193743408,7.321156502,0.182431787
46,//Users/rentaluser/desktop/thesisVideo/videos/FullVideo/videoFaceAnalysis_temp_pilotTeam1VeroRound3/00017.png,297,P1,99.99780273,3,20,32,FALSE,TRUE,FALSE,Male,FALSE,FALSE,TRUE,TRUE,11.43119049,70.3129425,5.913835526,4.689742088,0.795191884,0.541587174,2.251576662,4.063933372
47,//Users/rentaluser/desktop/thesisVideo/videos/FullVideo/videoFaceAnalysis_temp_pilotTeam1VeroRound3/00018.png,317,P3,99.99739838,1,28,44,FALSE,FALSE,FALSE,Male,TRUE,FALSE,TRUE,FALSE,0.212450325,98.93771362,0.287412256,0.045304045,0.198633105,0.010786915,0.204940259,0.102767289
48,//Users/rentaluser/desktop/thesisVideo/videos/FullVideo/videoFaceAnalysis_temp_pilotTeam1VeroRound3/00018.png,317,P2,99.99549866,2,14,26,FALSE,FALSE,FALSE,Female,FALSE,FALSE,TRUE,FALSE,11.85985184,80.84200287,0.2514337,2.156580448,2.463582039,0.107254319,1.957817316,0.361472964
49,//Users/rentaluser/desktop/thesisVideo/videos/FullVideo/videoFaceAnalysis_temp_pilotTeam1VeroRound3/00018.png,317,P1,99.99829865,3,22,34,FALSE,TRUE,FALSE,Female,FALSE,FALSE,TRUE,FALSE,3.068710566,32.94792938,7.765556335,14.45451546,0.974729776,16.80299187,22.95977402,1.025791168
50,//Users/rentaluser/desktop/thesisVideo/videos/FullVideo/videoFaceAnalysis_temp_pilotTeam1VeroRound3/00019.png,337,P3,99.99639893,1,24,38,FALSE,FALSE,FALSE,Male,FALSE,FALSE,TRUE,FALSE,0.117468379,3.993082047,0.014977646,0.067869268,0.068954058,0.237710312,95.45153809,0.048388239
51,//Users/rentaluser/desktop/thesisVideo/videos/FullVideo/videoFaceAnalysis_temp_pilotTeam1VeroRound3/00019.png,337,P2,99.99549866,2,13,23,FALSE,FALSE,FALSE,Female,FALSE,FALSE,TRUE,FALSE,65.45814514,31.50735855,0.401554346,0.937648654,0.403354973,0.084148854,0.783666432,0.424124122
52,//Users/rentaluser/desktop/thesisVideo/videos/FullVideo/videoFaceAnalysis_temp_pilotTeam1VeroRound3/00019.png,337,P1,99.99780273,3,13,25,FALSE,TRUE,FALSE,Male,FALSE,FALSE,TRUE,FALSE,12.59736443,67.47538757,2.987724066,5.651629925,0.789158702,0.489980876,3.560282707,6.448474407
53,//Users/rentaluser/desktop/thesisVideo/videos/FullVideo/videoFaceAnalysis_temp_pilotTeam1VeroRound3/00020.png,357,P3,99.99549866,1,27,43,FALSE,FALSE,FALSE,Male,TRUE,FALSE,TRUE,FALSE,0.438871324,98.92811584,0.156992242,0.033737022,0.108982481,0.0168612,0.22946471,0.086970396
54,//Users/rentaluser/desktop/thesisVideo/videos/FullVideo/videoFaceAnalysis_temp_pilotTeam1VeroRound3/00020.png,357,P2,99.98690033,2,13,25,FALSE,FALSE,FALSE,Female,FALSE,FALSE,TRUE,FALSE,9.930522919,85.20595551,0.146503404,0.444853455,1.245452881,0.092161618,2.565077782,0.369476974
55,//Users/rentaluser/desktop/thesisVideo/videos/FullVideo/videoFaceAnalysis_temp_pilotTeam1VeroRound3/00020.png,357,P1,99.99780273,3,20,32,FALSE,TRUE,FALSE,Male,FALSE,FALSE,TRUE,FALSE,4.830908775,57.61019135,6.670293331,2.732755899,0.532882392,0.245916843,0.94209069,26.4349575
56,//Users/rentaluser/desktop/thesisVideo/videos/FullVideo/videoFaceAnalysis_temp_pilotTeam1VeroRound3/00021.png,377,P3,99.99469757,1,26,40,FALSE,FALSE,FALSE,Male,TRUE,FALSE,TRUE,FALSE,2.104839563,96.57067871,0.390095949,0.101422742,0.22110939,0.037536435,0.315142602,0.259169191
57,//Users/rentaluser/desktop/thesisVideo/videos/FullVideo/videoFaceAnalysis_temp_pilotTeam1VeroRound3/00021.png,377,P2,99.99549866,2,14,26,FALSE,FALSE,FALSE,Female,FALSE,FALSE,TRUE,FALSE,2.946598291,94.27330017,0.134672821,0.285733014,0.723347664,0.091200732,1.420653224,0.124504134
58,//Users/rentaluser/desktop/thesisVideo/videos/FullVideo/videoFaceAnalysis_temp_pilotTeam1VeroRound3/00021.png,377,P1,99.99829865,3,15,27,FALSE,TRUE,FALSE,Male,FALSE,FALSE,TRUE,FALSE,17.34017181,67.13617706,1.986723542,2.760837317,0.566658199,0.83479917,2.546480179,6.828154564
59,//Users/rentaluser/desktop/thesisVideo/videos/FullVideo/videoFaceAnalysis_temp_pilotTeam1VeroRound3/00022.png,397,P3,99.99739838,1,23,35,FALSE,FALSE,FALSE,Male,TRUE,FALSE,TRUE,FALSE,1.006250739,97.48983002,0.428731918,0.137790293,0.235778749,0.137501895,0.309140682,0.254981369
60,//Users/rentaluser/desktop/thesisVideo/videos/FullVideo/videoFaceAnalysis_temp_pilotTeam1VeroRound3/00022.png,397,P2,99.98690033,2,22,34,FALSE,FALSE,FALSE,Female,FALSE,FALSE,TRUE,TRUE,89.71117401,4.520884991,0.373636723,1.342099547,0.427823603,0.32666263,0.359137923,2.938574791
61,//Users/rentaluser/desktop/thesisVideo/videos/FullVideo/videoFaceAnalysis_temp_pilotTeam1VeroRound3/00022.png,397,P1,99.99829865,3,21,33,FALSE,TRUE,FALSE,Male,FALSE,FALSE,TRUE,FALSE,29.99601746,58.8074379,0.963764668,1.712341785,0.81911248,0.368627012,4.838981628,2.493712187
62,//Users/rentaluser/desktop/thesisVideo/videos/FullVideo/videoFaceAnalysis_temp_pilotTeam1VeroRound3/00023.png,417,P3,99.99549866,1,24,38,FALSE,FALSE,FALSE,Male,TRUE,FALSE,FALSE,FALSE,28.76587486,8.276439667,0.549223781,0.628099144,0.366936237,0.784689724,60.47849655,0.15023838
63,//Users/rentaluser/desktop/thesisVideo/videos/FullVideo/videoFaceAnalysis_temp_pilotTeam1VeroRound3/00023.png,417,P2,99.98690033,2,18,30,FALSE,FALSE,FALSE,Female,FALSE,FALSE,TRUE,FALSE,54.08996964,42.18764877,0.113277897,0.963477492,0.502507031,0.088841252,1.771000266,0.283275098
64,//Users/rentaluser/desktop/thesisVideo/videos/FullVideo/videoFaceAnalysis_temp_pilotTeam1VeroRound3/00023.png,417,P1,99.99780273,3,22,34,FALSE,TRUE,FALSE,Female,FALSE,FALSE,TRUE,FALSE,24.96550941,41.28134537,5.144835472,9.381146431,1.625273585,1.437473416,13.06811237,3.096298933
65,//Users/rentaluser/desktop/thesisVideo/videos/FullVideo/videoFaceAnalysis_temp_pilotTeam1VeroRound3/00024.png,437,P3,99.99549866,1,22,34,FALSE,FALSE,FALSE,Male,TRUE,FALSE,FALSE,FALSE,90.08322144,4.455401897,0.155121163,0.111474052,0.166252106,0.240166351,4.650938034,0.137429282
66,//Users/rentaluser/desktop/thesisVideo/videos/FullVideo/videoFaceAnalysis_temp_pilotTeam1VeroRound3/00024.png,437,P2,99.98690033,2,13,23,FALSE,FALSE,FALSE,Female,FALSE,FALSE,TRUE,FALSE,36.61826706,60.46930695,0.188796163,0.134821966,0.275935829,0.107652038,1.572389483,0.632832289
67,//Users/rentaluser/desktop/thesisVideo/videos/FullVideo/videoFaceAnalysis_temp_pilotTeam1VeroRound3/00024.png,437,P1,99.99829865,3,16,28,FALSE,TRUE,FALSE,Male,FALSE,FALSE,TRUE,TRUE,2.808113337,78.84333801,2.095961332,0.957249284,0.408491403,0.848408341,0.482416481,13.55601978
68,//Users/rentaluser/desktop/thesisVideo/videos/FullVideo/videoFaceAnalysis_temp_pilotTeam1VeroRound3/00025.png,457,P3,99.99469757,1,20,32,FALSE,FALSE,FALSE,Male,TRUE,FALSE,TRUE,FALSE,12.51848793,62.73093414,5.71317625,3.846201658,3.080500126,3.413561821,2.870384693,5.826756954
69,//Users/rentaluser/desktop/thesisVideo/videos/FullVideo/videoFaceAnalysis_temp_pilotTeam1VeroRound3/00025.png,457,P2,99.98889923,2,12,22,FALSE,FALSE,FALSE,Female,FALSE,FALSE,TRUE,FALSE,0.130437404,90.8252182,0.010642337,0.065988995,0.104631133,0.021405865,8.799342155,0.042340949
70,//Users/rentaluser/desktop/thesisVideo/videos/FullVideo/videoFaceAnalysis_temp_pilotTeam1VeroRound3/00025.png,457,P1,99.99780273,3,22,34,TRUE,TRUE,FALSE,Female,FALSE,FALSE,TRUE,TRUE,1.532398701,0.749836385,86.14898682,6.02878046,0.258580089,0.532119453,0.24537921,4.50391674
71,//Users/rentaluser/desktop/thesisVideo/videos/FullVideo/videoFaceAnalysis_temp_pilotTeam1VeroRound3/00026.png,477,P3,99.99469757,1,22,34,FALSE,FALSE,FALSE,Male,TRUE,FALSE,TRUE,TRUE,40.06122589,13.25897408,2.438504457,1.955822349,4.169606209,27.5754509,7.738292217,2.802125931
72,//Users/rentaluser/desktop/thesisVideo/videos/FullVideo/videoFaceAnalysis_temp_pilotTeam1VeroRound3/00026.png,477,P2,99.99549866,2,10,20,FALSE,FALSE,FALSE,Female,FALSE,FALSE,TRUE,FALSE,0.100436576,98.55155945,0.029193873,0.077782013,0.657495499,0.033648632,0.380895734,0.169003874
73,//Users/rentaluser/desktop/thesisVideo/videos/FullVideo/videoFaceAnalysis_temp_pilotTeam1VeroRound3/00026.png,477,P1,99.99829865,3,21,33,FALSE,TRUE,FALSE,Female,FALSE,FALSE,TRUE,FALSE,6.03993845,80.40473938,3.621952295,2.740189791,0.664398313,0.332992256,2.415948629,3.779851675
74,//Users/rentaluser/desktop/thesisVideo/videos/FullVideo/videoFaceAnalysis_temp_pilotTeam1VeroRound3/00027.png,497,P3,99.99549866,1,22,34,FALSE,FALSE,FALSE,Male,TRUE,FALSE,TRUE,FALSE,0.727904856,97.99950409,0.407365322,0.049936034,0.283753693,0.023820249,0.468082458,0.039635219
75,//Users/rentaluser/desktop/thesisVideo/videos/FullVideo/videoFaceAnalysis_temp_pilotTeam1VeroRound3/00027.png,497,P2,99.98889923,2,15,27,FALSE,FALSE,FALSE,Female,FALSE,FALSE,TRUE,FALSE,73.35894775,22.62886429,0.069489002,0.748358905,0.472985715,0.09901917,1.374798417,1.247536063
76,//Users/rentaluser/desktop/thesisVideo/videos/FullVideo/videoFaceAnalysis_temp_pilotTeam1VeroRound3/00027.png,497,P1,99.99829865,3,20,32,FALSE,TRUE,FALSE,Male,FALSE,FALSE,TRUE,FALSE,11.09716702,73.899086,1.507620215,2.443910599,1.115835786,0.201624721,7.650192738,2.084563494
77,//Users/rentaluser/desktop/thesisVideo/videos/FullVideo/videoFaceAnalysis_temp_pilotTeam1VeroRound3/00028.png,517,P3,99.99549866,1,23,37,FALSE,FALSE,FALSE,Male,TRUE,FALSE,TRUE,FALSE,18.38715744,20.56625557,0.105940804,0.1457192,0.295078993,0.217016324,60.20363617,0.079189673
78,//Users/rentaluser/desktop/thesisVideo/videos/FullVideo/videoFaceAnalysis_temp_pilotTeam1VeroRound3/00028.png,517,P2,99.98690033,2,16,28,FALSE,FALSE,FALSE,Female,FALSE,FALSE,TRUE,FALSE,15.72504234,49.52395248,0.09477704,0.679556668,3.930633545,0.351032913,29.48879242,0.206213072
79,//Users/rentaluser/desktop/thesisVideo/videos/FullVideo/videoFaceAnalysis_temp_pilotTeam1VeroRound3/00028.png,517,P1,99.99780273,3,21,33,FALSE,TRUE,FALSE,Male,FALSE,FALSE,TRUE,FALSE,7.993335247,66.09832001,12.60627365,3.661151648,0.611233115,0.400243014,1.680199265,6.949250221
80,//Users/rentaluser/desktop/thesisVideo/videos/FullVideo/videoFaceAnalysis_temp_pilotTeam1VeroRound3/00029.png,537,P3,99.99469757,1,18,30,FALSE,FALSE,FALSE,Male,TRUE,FALSE,TRUE,FALSE,60.90377426,23.40353966,0.220299333,0.305517465,0.510190964,0.836876392,13.51080704,0.308993399
81,//Users/rentaluser/desktop/thesisVideo/videos/FullVideo/videoFaceAnalysis_temp_pilotTeam1VeroRound3/00029.png,537,P2,99.99549866,2,13,25,FALSE,FALSE,FALSE,Female,FALSE,FALSE,TRUE,FALSE,34.20547867,41.33830643,0.084229946,0.710298896,3.187325239,0.172052234,20.10403824,0.198275089
82,//Users/rentaluser/desktop/thesisVideo/videos/FullVideo/videoFaceAnalysis_temp_pilotTeam1VeroRound3/00029.png,537,P1,99.99829865,3,22,34,FALSE,TRUE,FALSE,Female,FALSE,FALSE,TRUE,FALSE,4.638807774,81.3782959,1.954505205,2.785853148,0.942190111,0.58685559,5.913367271,1.800129414
83,//Users/rentaluser/desktop/thesisVideo/videos/FullVideo/videoFaceAnalysis_temp_pilotTeam1VeroRound3/00030.png,557,P3,99.99739838,1,23,37,FALSE,FALSE,FALSE,Male,TRUE,FALSE,TRUE,FALSE,1.404494762,95.11734009,0.5009588,0.244390786,1.007206321,0.178253427,1.407956839,0.139409721
84,//Users/rentaluser/desktop/thesisVideo/videos/FullVideo/videoFaceAnalysis_temp_pilotTeam1VeroRound3/00030.png,557,P2,99.99549866,2,14,26,FALSE,FALSE,FALSE,Female,FALSE,FALSE,TRUE,FALSE,9.836987495,76.83992767,0.060305528,0.729160607,5.128035545,0.148115858,7.085934162,0.171535313
85,//Users/rentaluser/desktop/thesisVideo/videos/FullVideo/videoFaceAnalysis_temp_pilotTeam1VeroRound3/00030.png,557,P1,99.99829865,3,20,32,FALSE,TRUE,FALSE,Male,FALSE,FALSE,TRUE,FALSE,8.842614174,75.50660706,2.456383705,4.088894844,1.026858807,0.21820499,1.610689282,6.249740601
86,//Users/rentaluser/desktop/thesisVideo/videos/FullVideo/videoFaceAnalysis_temp_pilotTeam1VeroRound3/00031.png,577,P3,99.99739838,1,15,27,FALSE,FALSE,FALSE,Male,TRUE,FALSE,TRUE,FALSE,23.57130432,32.83528137,0.4397825,1.777916908,1.761064649,5.220207691,34.00720215,0.387246937
87,//Users/rentaluser/desktop/thesisVideo/videos/FullVideo/videoFaceAnalysis_temp_pilotTeam1VeroRound3/00031.png,577,P2,99.98889923,2,12,22,FALSE,FALSE,FALSE,Female,FALSE,FALSE,TRUE,TRUE,47.80203247,31.40339279,1.461973548,12.43396664,2.241134167,0.258143872,3.216668606,1.182686806
88,//Users/rentaluser/desktop/thesisVideo/videos/FullVideo/videoFaceAnalysis_temp_pilotTeam1VeroRound3/00031.png,577,P1,99.99829865,3,22,34,FALSE,TRUE,FALSE,Male,FALSE,FALSE,TRUE,FALSE,4.015317917,88.39388275,0.690879226,1.488917351,0.775583208,0.274223566,2.80163312,1.559567213
89,//Users/rentaluser/desktop/thesisVideo/videos/FullVideo/videoFaceAnalysis_temp_pilotTeam1VeroRound3/00032.png,597,P3,99.99739838,1,22,34,FALSE,FALSE,FALSE,Male,TRUE,FALSE,TRUE,TRUE,5.010884285,35.24988174,16.94988823,18.7475853,14.08680058,1.416649699,0.538694501,7.999611855
90,//Users/rentaluser/desktop/thesisVideo/videos/FullVideo/videoFaceAnalysis_temp_pilotTeam1VeroRound3/00032.png,597,P2,99.98889923,2,14,26,FALSE,FALSE,FALSE,Female,FALSE,FALSE,TRUE,FALSE,69.40539551,16.71780586,0.095016122,0.454261422,0.777742147,0.073402092,12.39596558,0.080413856
91,//Users/rentaluser/desktop/thesisVideo/videos/FullVideo/videoFaceAnalysis_temp_pilotTeam1VeroRound3/00032.png,597,P1,99.99829865,3,21,33,FALSE,TRUE,FALSE,Male,FALSE,FALSE,TRUE,FALSE,1.669085741,92.34721375,2.035361528,1.235313773,0.342047542,0.222620234,0.999106169,1.149250984
92,//Users/rentaluser/desktop/thesisVideo/videos/FullVideo/videoFaceAnalysis_temp_pilotTeam1VeroRound3/00033.png,617,P3,99.99469757,1,23,37,FALSE,FALSE,FALSE,Male,TRUE,FALSE,TRUE,FALSE,0.609714568,96.08784485,0.088486373,0.060136512,0.472090006,0.098766409,2.537270546,0.045698121
93,//Users/rentaluser/desktop/thesisVideo/videos/FullVideo/videoFaceAnalysis_temp_pilotTeam1VeroRound3/00033.png,617,P2,99.98889923,2,19,31,FALSE,FALSE,FALSE,Female,FALSE,FALSE,TRUE,FALSE,0.460703939,96.7588501,0.727025449,0.264933825,0.388418645,0.045983199,1.272213101,0.08186435
94,//Users/rentaluser/desktop/thesisVideo/videos/FullVideo/videoFaceAnalysis_temp_pilotTeam1VeroRound3/00033.png,617,P1,99.99829865,3,22,34,FALSE,TRUE,FALSE,Female,FALSE,FALSE,TRUE,FALSE,6.494194031,75.15984344,6.195420265,4.781955719,0.672604024,0.425307214,2.209830046,4.060841084
95,//Users/rentaluser/desktop/thesisVideo/videos/FullVideo/videoFaceAnalysis_temp_pilotTeam1VeroRound3/00034.png,637,P3,99.99739838,1,22,34,FALSE,FALSE,FALSE,Male,TRUE,FALSE,TRUE,FALSE,5.522759438,92.65840912,0.20028916,0.14467518,0.668601334,0.07063248,0.477848798,0.25677827
96,//Users/rentaluser/desktop/thesisVideo/videos/FullVideo/videoFaceAnalysis_temp_pilotTeam1VeroRound3/00034.png,637,P2,99.99549866,2,13,25,FALSE,FALSE,FALSE,Female,FALSE,FALSE,TRUE,FALSE,0.156152666,99.15550232,0.215527073,0.071134038,0.108474322,0.009759877,0.252599567,0.030859301
97,//Users/rentaluser/desktop/thesisVideo/videos/FullVideo/videoFaceAnalysis_temp_pilotTeam1VeroRound3/00034.png,637,P1,99.99780273,3,22,34,FALSE,TRUE,FALSE,Female,FALSE,FALSE,TRUE,TRUE,2.403326035,24.12765503,3.30423069,33.49528122,0.663022041,11.73464298,1.797679782,22.47416878
98,//Users/rentaluser/desktop/thesisVideo/videos/FullVideo/videoFaceAnalysis_temp_pilotTeam1VeroRound3/00035.png,657,P3,99.99469757,1,29,45,FALSE,FALSE,FALSE,Male,TRUE,FALSE,TRUE,FALSE,19.83374596,65.41130066,0.149784133,0.723896205,1.026828527,0.389007479,8.684000015,3.781439781
99,//Users/rentaluser/desktop/thesisVideo/videos/FullVideo/videoFaceAnalysis_temp_pilotTeam1VeroRound3/00035.png,657,P2,99.98889923,2,12,22,FALSE,FALSE,FALSE,Female,FALSE,FALSE,TRUE,FALSE,2.356143236,87.82486725,0.265738875,0.246260762,1.247346878,0.070325948,7.88300848,0.106300473
100,//Users/rentaluser/desktop/thesisVideo/videos/FullVideo/videoFaceAnalysis_temp_pilotTeam1VeroRound3/00035.png,657,P1,99.99780273,3,12,22,FALSE,TRUE,FALSE,Male,FALSE,FALSE,TRUE,FALSE,11.7390995,80.74741364,1.418579578,1.666461825,0.591203034,0.269575208,2.12556529,1.442102551
101,//Users/rentaluser/desktop/thesisVideo/videos/FullVideo/videoFaceAnalysis_temp_pilotTeam1VeroRound3/00036.png,677,P3,99.99739838,1,22,34,FALSE,FALSE,FALSE,Male,TRUE,FALSE,TRUE,FALSE,1.492756724,97.50976563,0.039096817,0.06013171,0.224841967,0.030065723,0.406440824,0.236909956
102,//Users/rentaluser/desktop/thesisVideo/videos/FullVideo/videoFaceAnalysis_temp_pilotTeam1VeroRound3/00036.png,677,P2,99.98889923,2,13,23,FALSE,FALSE,FALSE,Female,FALSE,FALSE,TRUE,FALSE,0.985767722,23.73070908,67.81320953,3.372865915,0.622341752,0.501922309,1.35658586,1.616590619
103,//Users/rentaluser/desktop/thesisVideo/videos/FullVideo/videoFaceAnalysis_temp_pilotTeam1VeroRound3/00036.png,677,P1,99.99620056,3,22,34,FALSE,TRUE,FALSE,Male,FALSE,FALSE,TRUE,FALSE,10.79795551,68.17298126,5.151770115,8.538352966,0.849303484,0.414606273,2.389622211,3.68541193
104,//Users/rentaluser/desktop/thesisVideo/videos/FullVideo/videoFaceAnalysis_temp_pilotTeam1VeroRound3/00037.png,697,P2,99.98889923,1,12,22,FALSE,FALSE,FALSE,Female,FALSE,FALSE,FALSE,FALSE,3.627817392,89.89575195,0.496988416,0.410320789,0.759135485,0.264611036,3.83750844,0.707873225
105,//Users/rentaluser/desktop/thesisVideo/videos/FullVideo/videoFaceAnalysis_temp_pilotTeam1VeroRound3/00037.png,697,P3,99.99739838,2,26,42,FALSE,FALSE,FALSE,Male,FALSE,FALSE,TRUE,FALSE,0.370962113,85.44025421,0.714681089,0.379476666,1.970596194,0.07177414,10.30402279,0.748233318
106,//Users/rentaluser/desktop/thesisVideo/videos/FullVideo/videoFaceAnalysis_temp_pilotTeam1VeroRound3/00037.png,697,P1,99.99780273,3,14,26,FALSE,TRUE,FALSE,Female,FALSE,FALSE,TRUE,TRUE,11.0298624,53.75988007,13.34571552,9.72683239,1.495699406,0.871796608,1.926936388,7.84328413
107,//Users/rentaluser/desktop/thesisVideo/videos/FullVideo/videoFaceAnalysis_temp_pilotTeam1VeroRound3/00038.png,717,P2,99.98889923,1,11,21,TRUE,FALSE,FALSE,Female,FALSE,FALSE,TRUE,FALSE,0.198221818,4.17329216,94.63418579,0.365308225,0.110255055,0.082199447,0.188288972,0.248255298
108,//Users/rentaluser/desktop/thesisVideo/videos/FullVideo/videoFaceAnalysis_temp_pilotTeam1VeroRound3/00038.png,717,P3,99.99739838,2,22,34,FALSE,FALSE,FALSE,Male,TRUE,FALSE,TRUE,FALSE,33.70085144,15.93817329,0.041147307,0.783558071,0.374465287,0.07184194,48.98413086,0.1058321
109,//Users/rentaluser/desktop/thesisVideo/videos/FullVideo/videoFaceAnalysis_temp_pilotTeam1VeroRound3/00038.png,717,P1,99.99829865,3,13,23,FALSE,TRUE,FALSE,Male,FALSE,FALSE,TRUE,FALSE,16.60431099,59.23244476,3.634266615,5.008440495,1.102120519,0.344993353,4.665637493,9.407787323
110,//Users/rentaluser/desktop/thesisVideo/videos/FullVideo/videoFaceAnalysis_temp_pilotTeam1VeroRound3/00039.png,737,P3,99.99739838,1,23,35,FALSE,FALSE,FALSE,Male,TRUE,FALSE,TRUE,FALSE,3.142584562,89.31150818,0.217906684,0.413168132,2.059765577,0.212856352,4.432381153,0.209825993
111,//Users/rentaluser/desktop/thesisVideo/videos/FullVideo/videoFaceAnalysis_temp_pilotTeam1VeroRound3/00039.png,737,P2,99.98889923,2,12,22,FALSE,FALSE,FALSE,Female,FALSE,FALSE,TRUE,FALSE,0.098345548,99.12672424,0.336119235,0.041054979,0.060521573,0.010353289,0.291979492,0.034898579
112,//Users/rentaluser/desktop/thesisVideo/videos/FullVideo/videoFaceAnalysis_temp_pilotTeam1VeroRound3/00039.png,737,P1,99.99780273,3,16,28,FALSE,TRUE,FALSE,Female,FALSE,FALSE,TRUE,FALSE,5.615593433,85.39187622,2.098983765,1.887532711,0.657834053,0.20421055,2.452657461,1.691307545
113,//Users/rentaluser/desktop/thesisVideo/videos/FullVideo/videoFaceAnalysis_temp_pilotTeam1VeroRound3/00040.png,757,P2,99.98889923,1,11,21,FALSE,FALSE,FALSE,Female,FALSE,FALSE,TRUE,FALSE,0.002640355,99.92526245,0.004405347,0.0034819,0.001293876,0.001905278,0.044575159,0.016428273
114,//Users/rentaluser/desktop/thesisVideo/videos/FullVideo/videoFaceAnalysis_temp_pilotTeam1VeroRound3/00040.png,757,P3,99.99639893,2,31,47,FALSE,FALSE,FALSE,Male,FALSE,FALSE,FALSE,FALSE,1.077812195,93.44474792,0.41390866,0.343720734,1.032638788,0.07495679,3.109399319,0.502812207
115,//Users/rentaluser/desktop/thesisVideo/videos/FullVideo/videoFaceAnalysis_temp_pilotTeam1VeroRound3/00040.png,757,P1,99.99829865,3,18,30,FALSE,TRUE,FALSE,Male,FALSE,FALSE,TRUE,TRUE,10.5298233,24.97427368,2.904399633,2.645431042,0.506327927,1.007384658,1.046904087,56.38545609
116,//Users/rentaluser/desktop/thesisVideo/videos/FullVideo/videoFaceAnalysis_temp_pilotTeam1VeroRound3/00041.png,777,P2,99.98889923,1,13,23,FALSE,FALSE,FALSE,Female,FALSE,FALSE,TRUE,TRUE,7.943002224,39.14339828,45.55397797,2.38976264,0.848602951,0.565017343,1.037017226,2.519217968
117,//Users/rentaluser/desktop/thesisVideo/videos/FullVideo/videoFaceAnalysis_temp_pilotTeam1VeroRound3/00041.png,777,P1,99.99620056,2,21,33,FALSE,TRUE,FALSE,Female,FALSE,FALSE,TRUE,FALSE,20.92303467,47.89752579,10.41446877,10.48726654,1.213087916,0.796411932,4.691461563,3.576747417
118,//Users/rentaluser/desktop/thesisVideo/videos/FullVideo/videoFaceAnalysis_temp_pilotTeam1VeroRound3/00041.png,777,P3,99.99739838,3,19,31,FALSE,FALSE,FALSE,Male,FALSE,FALSE,TRUE,FALSE,22.92616272,53.78833389,3.182281256,1.556464434,2.79519558,3.122657776,5.547210217,7.08169508
119,//Users/rentaluser/desktop/thesisVideo/videos/FullVideo/videoFaceAnalysis_temp_pilotTeam1VeroRound3/00042.png,797,P2,99.99549866,1,12,22,FALSE,FALSE,FALSE,Female,FALSE,FALSE,TRUE,TRUE,7.448274612,57.56321716,10.30915642,13.32011986,2.284008265,0.613058507,1.110301971,7.351866245
120,//Users/rentaluser/desktop/thesisVideo/videos/FullVideo/videoFaceAnalysis_temp_pilotTeam1VeroRound3/00042.png,797,P1,99.99829865,2,22,34,FALSE,TRUE,FALSE,Female,FALSE,FALSE,TRUE,FALSE,2.273462534,81.34287262,2.759014368,2.530144453,0.693242908,0.548325479,1.104919076,8.748022079
121,//Users/rentaluser/desktop/thesisVideo/videos/FullVideo/videoFaceAnalysis_temp_pilotTeam1VeroRound3/00042.png,797,P3,99.99469757,3,21,33,FALSE,FALSE,FALSE,Male,TRUE,FALSE,TRUE,FALSE,3.572093964,57.9682579,0.068213105,0.059742808,0.783645809,0.125469089,37.33674622,0.085830301
122,//Users/rentaluser/desktop/thesisVideo/videos/FullVideo/videoFaceAnalysis_temp_pilotTeam1VeroRound3/00043.png,817,P2,99.98889923,1,18,30,FALSE,FALSE,FALSE,Female,FALSE,FALSE,TRUE,FALSE,0.528044701,96.1244278,2.167429686,0.168602198,0.25243029,0.077291235,0.500180602,0.181585744
123,//Users/rentaluser/desktop/thesisVideo/videos/FullVideo/videoFaceAnalysis_temp_pilotTeam1VeroRound3/00043.png,817,P1,99.99780273,2,20,32,FALSE,TRUE,FALSE,Female,FALSE,FALSE,TRUE,FALSE,1.537786007,64.50360107,5.507178783,14.55319786,0.736620426,5.764351368,1.298449755,6.098812103
124,//Users/rentaluser/desktop/thesisVideo/videos/FullVideo/videoFaceAnalysis_temp_pilotTeam1VeroRound3/00043.png,817,P3,99.99739838,3,24,38,FALSE,FALSE,FALSE,Male,TRUE,FALSE,TRUE,FALSE,3.289557219,21.29697227,0.045516077,0.345066637,0.369134784,0.072123282,74.52945709,0.052177049
125,//Users/rentaluser/desktop/thesisVideo/videos/FullVideo/videoFaceAnalysis_temp_pilotTeam1VeroRound3/00044.png,837,P3,99.99739838,1,22,34,FALSE,FALSE,FALSE,Male,FALSE,FALSE,FALSE,FALSE,0.86141777,92.51738739,0.091468528,0.217983693,1.948104262,0.098808654,3.712883472,0.551955163
126,//Users/rentaluser/desktop/thesisVideo/videos/FullVideo/videoFaceAnalysis_temp_pilotTeam1VeroRound3/00044.png,837,P2,99.98690033,2,13,23,FALSE,FALSE,FALSE,Female,FALSE,FALSE,TRUE,FALSE,0.21503903,97.71957397,0.342519939,0.161767736,0.293471575,0.031366255,1.191236377,0.045031533
127,//Users/rentaluser/desktop/thesisVideo/videos/FullVideo/videoFaceAnalysis_temp_pilotTeam1VeroRound3/00044.png,837,P1,99.99829865,3,20,32,FALSE,TRUE,FALSE,Male,FALSE,FALSE,TRUE,FALSE,7.936693192,77.34586334,2.640413046,4.056200027,0.963990271,0.219720185,2.264820099,4.572303772
128,//Users/rentaluser/desktop/thesisVideo/videos/FullVideo/videoFaceAnalysis_temp_pilotTeam1VeroRound3/00045.png,857,P3,99.99739838,1,23,35,FALSE,FALSE,FALSE,Male,TRUE,FALSE,TRUE,FALSE,4.65903616,75.77682495,0.132917061,8.497689247,2.44143343,0.208557636,8.115384102,0.168163359
129,//Users/rentaluser/desktop/thesisVideo/videos/FullVideo/videoFaceAnalysis_temp_pilotTeam1VeroRound3/00045.png,857,P2,99.99549866,2,13,25,FALSE,FALSE,FALSE,Female,FALSE,FALSE,FALSE,FALSE,0.283255905,49.42940903,0.060640514,0.081077747,0.298407376,0.09785483,49.27364731,0.475704908
130,//Users/rentaluser/desktop/thesisVideo/videos/FullVideo/videoFaceAnalysis_temp_pilotTeam1VeroRound3/00045.png,857,P1,99.99829865,3,18,30,FALSE,TRUE,FALSE,Male,FALSE,FALSE,TRUE,FALSE,5.337634087,83.21499634,1.224155068,1.258649111,0.467085928,0.268566877,1.025871634,7.203046799
131,//Users/rentaluser/desktop/thesisVideo/videos/FullVideo/videoFaceAnalysis_temp_pilotTeam1VeroRound3/00046.png,877,P2,99.99720001,1,13,23,FALSE,FALSE,FALSE,Female,FALSE,FALSE,TRUE,FALSE,0.526464939,69.57633209,28.41596985,0.535021067,0.126371518,0.060622878,0.517584682,0.24163346
132,//Users/rentaluser/desktop/thesisVideo/videos/FullVideo/videoFaceAnalysis_temp_pilotTeam1VeroRound3/00046.png,877,P3,NA,2,13,23,FALSE,FALSE,FALSE,Male,FALSE,FALSE,TRUE,FALSE,5.740833759,14.36988068,0.659225047,0.272616237,49.29050064,0.332685947,27.13110161,2.203152657
133,//Users/rentaluser/desktop/thesisVideo/videos/FullVideo/videoFaceAnalysis_temp_pilotTeam1VeroRound3/00046.png,877,P1,99.99829865,3,22,34,FALSE,TRUE,FALSE,Male,FALSE,FALSE,TRUE,FALSE,38.84038162,44.20355225,1.519418836,4.189813614,1.366670966,0.619519174,4.921380997,4.33926487
134,//Users/rentaluser/desktop/thesisVideo/videos/FullVideo/videoFaceAnalysis_temp_pilotTeam1VeroRound3/00047.png,897,P3,99.99739838,1,25,39,FALSE,FALSE,FALSE,Male,TRUE,FALSE,TRUE,TRUE,3.084310293,69.36610413,22.14323044,0.942048252,1.111417174,0.701114476,0.771769702,1.880003333
135,//Users/rentaluser/desktop/thesisVideo/videos/FullVideo/videoFaceAnalysis_temp_pilotTeam1VeroRound3/00047.png,897,P2,99.99720001,2,13,23,FALSE,FALSE,FALSE,Female,FALSE,FALSE,TRUE,FALSE,0.253048241,93.88004303,4.957357407,0.248044863,0.09450943,0.058996562,0.394035727,0.113956608
136,//Users/rentaluser/desktop/thesisVideo/videos/FullVideo/videoFaceAnalysis_temp_pilotTeam1VeroRound3/00047.png,897,P1,99.99829865,3,20,32,FALSE,TRUE,FALSE,Male,FALSE,FALSE,TRUE,FALSE,6.61585474,82.01810455,2.230082273,2.419184208,1.13159132,0.230697587,3.126463413,2.228018284
137,//Users/rentaluser/desktop/thesisVideo/videos/FullVideo/videoFaceAnalysis_temp_pilotTeam1VeroRound3/00048.png,917,P3,99.99739838,1,21,33,FALSE,FALSE,FALSE,Male,TRUE,FALSE,TRUE,FALSE,1.728561878,89.02554321,0.213865757,0.130193844,0.797299027,0.23317419,7.766026974,0.105342478
138,//Users/rentaluser/desktop/thesisVideo/videos/FullVideo/videoFaceAnalysis_temp_pilotTeam1VeroRound3/00048.png,917,P2,99.99549866,2,12,22,FALSE,FALSE,FALSE,Female,FALSE,FALSE,TRUE,FALSE,0.903755248,95.51790619,0.521950662,0.470036089,0.240985051,0.049378566,2.173636198,0.122346185
139,//Users/rentaluser/desktop/thesisVideo/videos/FullVideo/videoFaceAnalysis_temp_pilotTeam1VeroRound3/00048.png,917,P1,99.99780273,3,21,33,FALSE,TRUE,FALSE,Male,FALSE,FALSE,TRUE,FALSE,20.31032753,62.39828491,1.207658887,3.547301531,1.788449645,0.375302494,7.825542927,2.54712534
140,//Users/rentaluser/desktop/thesisVideo/videos/FullVideo/videoFaceAnalysis_temp_pilotTeam1VeroRound3/00049.png,937,P2,99.98889923,1,12,22,FALSE,FALSE,FALSE,Female,FALSE,FALSE,TRUE,FALSE,0.209054798,58.99150848,39.84381104,0.308192551,0.131652385,0.036043782,0.28079775,0.198941559
141,//Users/rentaluser/desktop/thesisVideo/videos/FullVideo/videoFaceAnalysis_temp_pilotTeam1VeroRound3/00049.png,937,P3,99.99469757,2,23,37,TRUE,FALSE,FALSE,Male,TRUE,FALSE,TRUE,TRUE,0.173591107,0.135524452,98.62844849,0.08525236,0.211859986,0.37045607,0.044158254,0.350710809
142,//Users/rentaluser/desktop/thesisVideo/videos/FullVideo/videoFaceAnalysis_temp_pilotTeam1VeroRound3/00049.png,937,P1,99.99829865,3,21,33,FALSE,TRUE,FALSE,Male,FALSE,FALSE,TRUE,FALSE,3.373571873,84.50595856,4.160689354,2.231234312,0.966895759,0.227119118,2.571959496,1.962580681
143,//Users/rentaluser/desktop/thesisVideo/videos/FullVideo/videoFaceAnalysis_temp_pilotTeam1VeroRound3/00050.png,957,P2,99.98690033,1,12,22,FALSE,FALSE,FALSE,Female,FALSE,FALSE,FALSE,FALSE,1.642657757,95.80981445,0.861711621,0.251638621,0.391612589,0.062831834,0.741637051,0.238099948
144,//Users/rentaluser/desktop/thesisVideo/videos/FullVideo/videoFaceAnalysis_temp_pilotTeam1VeroRound3/00050.png,957,P1,99.99829865,2,21,33,FALSE,TRUE,FALSE,Female,FALSE,FALSE,TRUE,FALSE,1.635658741,93.65629578,1.099465489,0.36490947,0.151821032,0.155056804,1.971224546,0.965555668
145,//Users/rentaluser/desktop/thesisVideo/videos/FullVideo/videoFaceAnalysis_temp_pilotTeam1VeroRound3/00050.png,957,P3,NA,3,13,23,FALSE,FALSE,FALSE,Male,FALSE,FALSE,TRUE,FALSE,9.952649117,26.27416801,12.37951279,2.610234261,8.112171173,6.678426266,32.86533737,1.127504587
146,//Users/rentaluser/desktop/thesisVideo/videos/FullVideo/videoFaceAnalysis_temp_pilotTeam1VeroRound3/00051.png,977,P3,99.99739838,1,26,40,FALSE,FALSE,FALSE,Male,FALSE,FALSE,TRUE,FALSE,1.211370468,88.18557739,6.901020527,0.190134361,0.323157817,0.345231473,1.927634358,0.915868878
147,//Users/rentaluser/desktop/thesisVideo/videos/FullVideo/videoFaceAnalysis_temp_pilotTeam1VeroRound3/00051.png,977,P2,99.98889923,2,12,22,FALSE,FALSE,FALSE,Female,FALSE,FALSE,TRUE,FALSE,0.127457067,99.17047119,0.222793311,0.048424467,0.058590122,0.012415746,0.312878102,0.046969239
148,//Users/rentaluser/desktop/thesisVideo/videos/FullVideo/videoFaceAnalysis_temp_pilotTeam1VeroRound3/00051.png,977,P1,99.99780273,3,21,33,TRUE,TRUE,FALSE,Male,FALSE,FALSE,TRUE,TRUE,4.041369438,10.30883598,58.25427628,3.847622156,0.759976804,0.34760195,0.28376478,22.15654564
149,//Users/rentaluser/desktop/thesisVideo/videos/FullVideo/videoFaceAnalysis_temp_pilotTeam1VeroRound3/00052.png,997,P2,99.98690033,1,12,22,FALSE,FALSE,FALSE,Female,FALSE,FALSE,TRUE,FALSE,0.60910666,95.95744324,0.67959702,0.212767586,0.366716474,0.121212922,1.619969845,0.433196217
150,//Users/rentaluser/desktop/thesisVideo/videos/FullVideo/videoFaceAnalysis_temp_pilotTeam1VeroRound3/00052.png,997,P3,99.99739838,2,18,30,FALSE,FALSE,FALSE,Male,TRUE,FALSE,TRUE,FALSE,0.400037736,96.92443085,0.291966587,0.082379155,0.790099263,0.082641505,1.344629765,0.083807178
151,//Users/rentaluser/desktop/thesisVideo/videos/FullVideo/videoFaceAnalysis_temp_pilotTeam1VeroRound3/00052.png,997,P1,99.99829865,3,19,31,FALSE,TRUE,FALSE,Male,FALSE,FALSE,TRUE,FALSE,6.26493454,83.06813049,2.883936167,2.144600153,0.658254147,0.201951459,1.879641771,2.898542643
152,//Users/rentaluser/desktop/thesisVideo/videos/FullVideo/videoFaceAnalysis_temp_pilotTeam1VeroRound3/00053.png,1017,P3,99.99739838,1,19,31,TRUE,FALSE,FALSE,Male,FALSE,FALSE,TRUE,TRUE,1.254306555,6.929578781,84.15071869,1.434473276,2.515427589,0.712253571,0.354942292,2.648308754
153,//Users/rentaluser/desktop/thesisVideo/videos/FullVideo/videoFaceAnalysis_temp_pilotTeam1VeroRound3/00053.png,1017,P2,99.99549866,2,12,22,FALSE,FALSE,FALSE,Female,FALSE,FALSE,FALSE,FALSE,0.351181775,98.57256317,0.235163078,0.147769406,0.10112787,0.029922333,0.477398843,0.084879406
154,//Users/rentaluser/desktop/thesisVideo/videos/FullVideo/videoFaceAnalysis_temp_pilotTeam1VeroRound3/00053.png,1017,P1,99.99829865,3,18,30,FALSE,TRUE,FALSE,Male,FALSE,FALSE,TRUE,FALSE,6.145690918,80.43962097,1.483744979,2.920779943,0.806317031,0.228971243,1.667161226,6.307720184
155,//Users/rentaluser/desktop/thesisVideo/videos/FullVideo/videoFaceAnalysis_temp_pilotTeam1VeroRound3/00054.png,1037,P3,99.99739838,1,19,31,FALSE,FALSE,FALSE,Male,TRUE,FALSE,TRUE,TRUE,3.35547328,43.46188736,45.54156113,1.17353487,1.846234918,0.791351676,2.549968719,1.27999711
156,//Users/rentaluser/desktop/thesisVideo/videos/FullVideo/videoFaceAnalysis_temp_pilotTeam1VeroRound3/00054.png,1037,P2,99.98889923,2,12,22,TRUE,FALSE,FALSE,Female,FALSE,FALSE,TRUE,TRUE,0.058028538,0.048237633,99.34332275,0.099936455,0.071857139,0.081492864,0.032942425,0.264191777
157,//Users/rentaluser/desktop/thesisVideo/videos/FullVideo/videoFaceAnalysis_temp_pilotTeam1VeroRound3/00054.png,1037,P1,99.99780273,3,22,34,TRUE,TRUE,FALSE,Female,FALSE,FALSE,TRUE,TRUE,1.718116045,13.98911476,19.44345856,43.09182358,0.619419277,1.298043966,0.831595182,19.00842285
158,//Users/rentaluser/desktop/thesisVideo/videos/FullVideo/videoFaceAnalysis_temp_pilotTeam1VeroRound3/00055.png,1057,P3,99.99739838,1,25,39,FALSE,FALSE,FALSE,Male,TRUE,FALSE,TRUE,FALSE,4.781320095,89.55648804,0.501796067,0.301178277,2.893771648,0.248796374,1.298672199,0.417986363
159,//Users/rentaluser/desktop/thesisVideo/videos/FullVideo/videoFaceAnalysis_temp_pilotTeam1VeroRound3/00055.png,1057,P2,99.98690033,2,16,28,FALSE,FALSE,FALSE,Female,FALSE,FALSE,TRUE,FALSE,8.711765289,68.36260986,8.940275192,8.968818665,1.78659153,0.24470678,0.92422998,2.060993433
160,//Users/rentaluser/desktop/thesisVideo/videos/FullVideo/videoFaceAnalysis_temp_pilotTeam1VeroRound3/00055.png,1057,P1,99.99780273,3,20,32,FALSE,TRUE,FALSE,Male,FALSE,FALSE,TRUE,FALSE,8.26111412,70.66653442,0.914610565,5.933993816,1.25884831,0.364111006,10.33985806,2.260934353
161,//Users/rentaluser/desktop/thesisVideo/videos/FullVideo/videoFaceAnalysis_temp_pilotTeam1VeroRound3/00056.png,1077,P1,99.99780273,1,22,34,TRUE,TRUE,FALSE,Female,FALSE,FALSE,TRUE,TRUE,0.05414306,0.007421777,99.49277496,0.279728562,0.050448451,0.024532083,0.016031131,0.074926704
162,//Users/rentaluser/desktop/thesisVideo/videos/FullVideo/videoFaceAnalysis_temp_pilotTeam1VeroRound3/00056.png,1077,P3,99.99469757,2,23,35,FALSE,FALSE,FALSE,Male,TRUE,FALSE,TRUE,TRUE,3.870451927,87.27766418,3.620010138,1.249978304,1.437705398,0.438517421,1.554825187,0.550837159
163,//Users/rentaluser/desktop/thesisVideo/videos/FullVideo/videoFaceAnalysis_temp_pilotTeam1VeroRound3/00056.png,1077,P2,99.98889923,3,13,25,FALSE,FALSE,FALSE,Female,FALSE,FALSE,TRUE,FALSE,0.162772238,96.34858704,2.80072546,0.144092873,0.05808039,0.040790953,0.199470267,0.245482877
164,//Users/rentaluser/desktop/thesisVideo/videos/FullVideo/videoFaceAnalysis_temp_pilotTeam1VeroRound3/00057.png,1097,P3,99.99739838,1,24,38,FALSE,FALSE,FALSE,Male,TRUE,FALSE,TRUE,FALSE,5.912587643,73.79922485,9.571676254,1.223197222,2.966375113,2.095870972,2.407507181,2.023554802
165,//Users/rentaluser/desktop/thesisVideo/videos/FullVideo/videoFaceAnalysis_temp_pilotTeam1VeroRound3/00057.png,1097,P2,99.99720001,2,18,30,FALSE,FALSE,FALSE,Female,FALSE,FALSE,TRUE,FALSE,0.327012628,56.40761185,37.06759262,3.980486393,0.463289291,0.190849781,1.118630409,0.444525152
166,//Users/rentaluser/desktop/thesisVideo/videos/FullVideo/videoFaceAnalysis_temp_pilotTeam1VeroRound3/00057.png,1097,P1,99.99780273,3,22,34,TRUE,TRUE,FALSE,Female,FALSE,FALSE,TRUE,TRUE,5.673288345,18.13253975,18.66480827,15.41869831,0.96130687,0.688863873,1.116106391,39.34438705
167,//Users/rentaluser/desktop/thesisVideo/videos/FullVideo/videoFaceAnalysis_temp_pilotTeam1VeroRound3/00058.png,1117,P1,99.99780273,1,13,25,FALSE,TRUE,FALSE,Female,FALSE,FALSE,TRUE,FALSE,3.953278065,86.10691071,4.448872566,1.681222558,0.455127507,0.223095998,2.211383581,0.920107841
168,//Users/rentaluser/desktop/thesisVideo/videos/FullVideo/videoFaceAnalysis_temp_pilotTeam1VeroRound3/00058.png,1117,P3,NA,2,13,23,FALSE,FALSE,FALSE,Male,FALSE,FALSE,TRUE,FALSE,0.85744524,5.644104004,0.318208337,0.55726403,0.656736791,0.22424835,91.46505737,0.276944101
169,//Users/rentaluser/desktop/thesisVideo/videos/FullVideo/videoFaceAnalysis_temp_pilotTeam1VeroRound3/00059.png,1137,P3,99.99739838,1,22,34,FALSE,FALSE,FALSE,Male,TRUE,FALSE,FALSE,FALSE,0.979901373,65.67488861,0.115068547,0.03355759,0.463283747,0.15090996,32.54398346,0.03841278
170,//Users/rentaluser/desktop/thesisVideo/videos/FullVideo/videoFaceAnalysis_temp_pilotTeam1VeroRound3/00059.png,1137,P2,99.98889923,2,13,25,FALSE,FALSE,FALSE,Female,FALSE,FALSE,TRUE,FALSE,0.59663707,95.69080353,1.118557453,0.350834161,0.262424171,0.123640567,1.664549708,0.192545548
171,//Users/rentaluser/desktop/thesisVideo/videos/FullVideo/videoFaceAnalysis_temp_pilotTeam1VeroRound3/00059.png,1137,P1,99.99620056,3,19,31,TRUE,TRUE,FALSE,Female,FALSE,FALSE,TRUE,TRUE,1.141867995,18.15856171,72.05563354,3.559414387,0.698588967,0.354848683,0.419622332,3.611462593
172,//Users/rentaluser/desktop/thesisVideo/videos/FullVideo/videoFaceAnalysis_temp_pilotTeam1VeroRound3/00060.png,1157,P3,99.99739838,1,24,38,FALSE,FALSE,FALSE,Male,TRUE,FALSE,TRUE,FALSE,2.16768074,91.82672882,0.548339665,0.703847468,2.451955557,0.253784239,1.838346958,0.209303528
173,//Users/rentaluser/desktop/thesisVideo/videos/FullVideo/videoFaceAnalysis_temp_pilotTeam1VeroRound3/00060.png,1157,P2,99.99720001,2,13,23,FALSE,FALSE,FALSE,Female,FALSE,FALSE,TRUE,FALSE,0.497984082,90.14598083,8.034197807,0.381656379,0.163591936,0.074924462,0.369526029,0.332129538
174,//Users/rentaluser/desktop/thesisVideo/videos/FullVideo/videoFaceAnalysis_temp_pilotTeam1VeroRound3/00060.png,1157,P1,99.99780273,3,21,33,FALSE,TRUE,FALSE,Female,FALSE,FALSE,TRUE,FALSE,0.498035282,0.421658844,0.025653251,0.132823586,0.028410431,0.571769953,98.29888916,0.022767721
175,//Users/rentaluser/desktop/thesisVideo/videos/FullVideo/videoFaceAnalysis_temp_pilotTeam1VeroRound3/00061.png,1177,P2,99.98889923,1,13,23,TRUE,FALSE,FALSE,Female,FALSE,FALSE,TRUE,TRUE,6.636306763,9.119715691,70.10396576,4.592788696,1.670835733,0.704236627,1.114627719,6.05752039
176,//Users/rentaluser/desktop/thesisVideo/videos/FullVideo/videoFaceAnalysis_temp_pilotTeam1VeroRound3/00061.png,1177,P3,NA,2,21,33,FALSE,FALSE,FALSE,Male,FALSE,FALSE,TRUE,FALSE,0.539071023,91.17739105,0.219408721,2.716460228,1.124615073,0.092893399,3.897881508,0.232282564
177,//Users/rentaluser/desktop/thesisVideo/videos/FullVideo/videoFaceAnalysis_temp_pilotTeam1VeroRound3/00061.png,1177,P1,99.99780273,3,22,34,TRUE,TRUE,FALSE,Female,FALSE,FALSE,TRUE,TRUE,3.350098848,3.026427031,28.9229908,26.65842438,25.77345276,0.891102731,0.282413244,11.09508038
178,//Users/rentaluser/desktop/thesisVideo/videos/FullVideo/videoFaceAnalysis_temp_pilotTeam1VeroRound3/00062.png,1197,P2,99.98889923,1,14,26,FALSE,FALSE,FALSE,Female,FALSE,FALSE,FALSE,FALSE,0.434942454,88.38179779,8.728553772,0.311693519,0.301008612,0.274012655,0.450749695,1.117240429
179,//Users/rentaluser/desktop/thesisVideo/videos/FullVideo/videoFaceAnalysis_temp_pilotTeam1VeroRound3/00062.png,1197,P3,99.99739838,2,20,32,FALSE,FALSE,FALSE,Male,TRUE,FALSE,TRUE,FALSE,4.173414707,77.53809357,10.96727753,0.565818131,0.622694492,2.964991093,2.73882103,0.428884417
180,//Users/rentaluser/desktop/thesisVideo/videos/FullVideo/videoFaceAnalysis_temp_pilotTeam1VeroRound3/00062.png,1197,P1,99.99829865,3,21,33,FALSE,TRUE,FALSE,Female,FALSE,FALSE,TRUE,FALSE,0.840072811,43.55324936,46.6760788,3.338466883,0.685700059,0.394376636,0.69572854,3.816334963
181,//Users/rentaluser/desktop/thesisVideo/videos/FullVideo/videoFaceAnalysis_temp_pilotTeam1VeroRound3/00063.png,1217,P3,99.99739838,1,19,31,TRUE,FALSE,FALSE,Male,TRUE,FALSE,TRUE,TRUE,2.050396919,6.347955704,83.90257263,0.892837167,1.725977421,0.832415342,0.185243607,4.06260252
182,//Users/rentaluser/desktop/thesisVideo/videos/FullVideo/videoFaceAnalysis_temp_pilotTeam1VeroRound3/00063.png,1217,P2,99.99720001,2,16,28,FALSE,FALSE,FALSE,Female,FALSE,FALSE,TRUE,FALSE,3.659344912,81.20085144,10.2755394,1.033070445,0.538669765,0.130076185,2.735539913,0.426908106
183,//Users/rentaluser/desktop/thesisVideo/videos/FullVideo/videoFaceAnalysis_temp_pilotTeam1VeroRound3/00063.png,1217,P1,99.99829865,3,21,33,FALSE,TRUE,FALSE,Female,FALSE,FALSE,TRUE,FALSE,2.146296501,62.91815186,27.02040672,3.903062582,0.679130793,0.31231451,1.279518962,1.741120934
184,//Users/rentaluser/desktop/thesisVideo/videos/FullVideo/videoFaceAnalysis_temp_pilotTeam1VeroRound3/00064.png,1237,P3,99.99739838,1,22,34,TRUE,FALSE,FALSE,Male,TRUE,FALSE,TRUE,TRUE,0.542694271,0.082178898,98.38026428,0.113020241,0.175138742,0.106464185,0.037018508,0.563209534
185,//Users/rentaluser/desktop/thesisVideo/videos/FullVideo/videoFaceAnalysis_temp_pilotTeam1VeroRound3/00064.png,1237,P2,99.98889923,2,12,22,TRUE,FALSE,FALSE,Female,FALSE,FALSE,TRUE,TRUE,1.074980259,2.12157774,91.60523987,2.771114111,0.751310825,0.302917451,0.45984447,0.913008034
186,//Users/rentaluser/desktop/thesisVideo/videos/FullVideo/videoFaceAnalysis_temp_pilotTeam1VeroRound3/00064.png,1237,P1,99.99780273,3,22,34,TRUE,TRUE,FALSE,Female,FALSE,FALSE,TRUE,FALSE,11.33033752,32.33843994,30.56320763,14.54543018,1.134595037,0.559468329,2.587186098,6.941343784
187,//Users/rentaluser/desktop/thesisVideo/videos/FullVideo/videoFaceAnalysis_temp_pilotTeam1VeroRound3/00065.png,1257,P3,99.99739838,1,23,35,FALSE,FALSE,FALSE,Male,TRUE,FALSE,TRUE,FALSE,3.035939217,94.85346985,0.276083142,0.106980689,0.7559461,0.083499119,0.557548523,0.330527395
188,//Users/rentaluser/desktop/thesisVideo/videos/FullVideo/videoFaceAnalysis_temp_pilotTeam1VeroRound3/00065.png,1257,P2,99.98889923,2,12,22,FALSE,FALSE,FALSE,Female,FALSE,FALSE,TRUE,FALSE,0.516531706,92.5089035,3.125839233,0.313639998,0.5005669,0.399190664,2.351251125,0.284081757
189,//Users/rentaluser/desktop/thesisVideo/videos/FullVideo/videoFaceAnalysis_temp_pilotTeam1VeroRound3/00065.png,1257,P1,99.99780273,3,22,34,FALSE,FALSE,FALSE,Female,FALSE,FALSE,FALSE,FALSE,0.60023129,90.00727844,4.65898037,1.789541483,0.677498877,0.179659262,0.937876642,1.148936391
190,//Users/rentaluser/desktop/thesisVideo/videos/FullVideo/videoFaceAnalysis_temp_pilotTeam1VeroRound3/00066.png,1277,P3,99.99739838,1,25,39,FALSE,FALSE,FALSE,Male,TRUE,FALSE,TRUE,FALSE,3.575347662,94.78369141,0.08355131,0.072698228,0.462329715,0.030506952,0.847867668,0.144000575
191,//Users/rentaluser/desktop/thesisVideo/videos/FullVideo/videoFaceAnalysis_temp_pilotTeam1VeroRound3/00066.png,1277,P2,99.98889923,2,13,23,FALSE,FALSE,FALSE,Female,FALSE,FALSE,TRUE,FALSE,2.018398523,88.76608276,2.119326591,0.835402489,1.328350186,0.777553082,3.678444862,0.476437569
192,//Users/rentaluser/desktop/thesisVideo/videos/FullVideo/videoFaceAnalysis_temp_pilotTeam1VeroRound3/00066.png,1277,P1,99.99829865,3,21,33,FALSE,TRUE,FALSE,Female,FALSE,FALSE,TRUE,FALSE,13.92406082,64.98262024,3.419601202,5.8470397,2.033836365,0.314060986,6.401106834,3.077677011
193,//Users/rentaluser/desktop/thesisVideo/videos/FullVideo/videoFaceAnalysis_temp_pilotTeam1VeroRound3/00067.png,1297,P3,99.99739838,1,23,37,TRUE,FALSE,FALSE,Male,TRUE,FALSE,TRUE,TRUE,0.133822352,0.057946991,99.30158997,0.054283742,0.076788448,0.044727173,0.014695949,0.316161901
194,//Users/rentaluser/desktop/thesisVideo/videos/FullVideo/videoFaceAnalysis_temp_pilotTeam1VeroRound3/00067.png,1297,P2,99.98889923,2,12,22,TRUE,FALSE,FALSE,Female,FALSE,FALSE,TRUE,TRUE,0.200741857,0.107025817,98.73014832,0.343244791,0.133712634,0.167634875,0.140096307,0.177389055
195,//Users/rentaluser/desktop/thesisVideo/videos/FullVideo/videoFaceAnalysis_temp_pilotTeam1VeroRound3/00067.png,1297,P1,99.99780273,3,22,34,TRUE,TRUE,FALSE,Female,FALSE,FALSE,TRUE,TRUE,0.072225749,0.011559922,98.97320557,0.638637364,0.0655801,0.044031736,0.034000695,0.160751417
196,//Users/rentaluser/desktop/thesisVideo/videos/FullVideo/videoFaceAnalysis_temp_pilotTeam1VeroRound3/00068.png,1317,P3,99.99739838,1,22,34,FALSE,FALSE,FALSE,Male,TRUE,FALSE,TRUE,FALSE,0.977328598,97.90092468,0.10086447,0.050728384,0.383700937,0.048856921,0.37126106,0.166338474
197,//Users/rentaluser/desktop/thesisVideo/videos/FullVideo/videoFaceAnalysis_temp_pilotTeam1VeroRound3/00068.png,1317,P2,99.99549866,2,13,25,FALSE,FALSE,FALSE,Female,FALSE,FALSE,TRUE,FALSE,0.84944731,86.79798889,2.921200752,0.885987639,1.119155765,0.420112431,6.815002918,0.191109329
198,//Users/rentaluser/desktop/thesisVideo/videos/FullVideo/videoFaceAnalysis_temp_pilotTeam1VeroRound3/00068.png,1317,P1,99.99780273,3,20,32,FALSE,TRUE,FALSE,Female,FALSE,FALSE,TRUE,FALSE,14.00061989,39.82803345,17.93241501,12.66140747,1.576434612,1.026136279,8.488231659,4.486725807
199,//Users/rentaluser/desktop/thesisVideo/videos/FullVideo/videoFaceAnalysis_temp_pilotTeam1VeroRound3/00069.png,1337,P3,99.99739838,1,22,34,FALSE,FALSE,FALSE,Male,TRUE,FALSE,TRUE,FALSE,3.500529766,94.85941315,0.087090522,0.065794945,0.665202856,0.069646314,0.495376706,0.256948799
200,//Users/rentaluser/desktop/thesisVideo/videos/FullVideo/videoFaceAnalysis_temp_pilotTeam1VeroRound3/00069.png,1337,P2,99.99549866,2,21,33,FALSE,FALSE,FALSE,Female,FALSE,FALSE,TRUE,FALSE,2.197271347,92.33695221,0.844757557,0.874067366,0.812676728,0.192440465,2.604853392,0.136989132
201,//Users/rentaluser/desktop/thesisVideo/videos/FullVideo/videoFaceAnalysis_temp_pilotTeam1VeroRound3/00069.png,1337,P1,99.99829865,3,19,31,FALSE,TRUE,FALSE,Female,FALSE,FALSE,TRUE,FALSE,14.25936985,67.81952667,4.044018745,3.749129295,0.952977955,0.436012685,2.934909344,5.804051876
202,//Users/rentaluser/desktop/thesisVideo/videos/FullVideo/videoFaceAnalysis_temp_pilotTeam1VeroRound3/00070.png,1357,P3,99.99739838,1,22,34,FALSE,FALSE,FALSE,Male,TRUE,FALSE,TRUE,FALSE,1.078725696,97.36450195,0.073875621,0.08400587,0.72345835,0.051976949,0.512912154,0.11053326
203,//Users/rentaluser/desktop/thesisVideo/videos/FullVideo/videoFaceAnalysis_temp_pilotTeam1VeroRound3/00070.png,1357,P2,99.98889923,2,17,29,FALSE,FALSE,FALSE,Female,FALSE,FALSE,TRUE,FALSE,1.278161526,92.50799561,0.674611926,0.484168023,0.869230568,0.23115696,3.833750725,0.120927379
204,//Users/rentaluser/desktop/thesisVideo/videos/FullVideo/videoFaceAnalysis_temp_pilotTeam1VeroRound3/00070.png,1357,P1,99.99780273,3,19,31,FALSE,TRUE,FALSE,Male,FALSE,FALSE,TRUE,FALSE,16.53074265,63.62786865,4.499213696,4.322897434,1.373865128,0.431946516,6.219329834,2.994129181
205,//Users/rentaluser/desktop/thesisVideo/videos/FullVideo/videoFaceAnalysis_temp_pilotTeam1VeroRound3/00071.png,1377,P3,99.99739838,1,23,35,FALSE,FALSE,FALSE,Male,TRUE,FALSE,TRUE,FALSE,30.16984749,8.414600372,0.944942355,2.489336967,1.004703045,34.88396454,21.46670914,0.62589711
206,//Users/rentaluser/desktop/thesisVideo/videos/FullVideo/videoFaceAnalysis_temp_pilotTeam1VeroRound3/00071.png,1377,P2,99.99549866,2,13,23,FALSE,FALSE,FALSE,Female,FALSE,FALSE,TRUE,FALSE,0.791625798,91.8835907,0.357432336,0.338645339,0.675934672,0.252483785,5.618030071,0.082255073
207,//Users/rentaluser/desktop/thesisVideo/videos/FullVideo/videoFaceAnalysis_temp_pilotTeam1VeroRound3/00071.png,1377,P1,99.99780273,3,13,25,FALSE,TRUE,FALSE,Female,FALSE,FALSE,TRUE,FALSE,23.10371971,41.47521591,1.3432374,5.176977634,3.405982733,0.476360381,23.41126442,1.607236862
208,//Users/rentaluser/desktop/thesisVideo/videos/FullVideo/videoFaceAnalysis_temp_pilotTeam1VeroRound3/00072.png,1397,P3,99.99739838,1,24,38,FALSE,FALSE,FALSE,Male,TRUE,FALSE,TRUE,FALSE,28.69677162,5.967268944,0.427170426,1.157100916,0.85476023,53.78944397,8.267318726,0.840163529
209,//Users/rentaluser/desktop/thesisVideo/videos/FullVideo/videoFaceAnalysis_temp_pilotTeam1VeroRound3/00072.png,1397,P2,99.99549866,2,13,23,FALSE,FALSE,FALSE,Female,FALSE,FALSE,TRUE,FALSE,1.649466157,91.35773468,0.241700187,0.5527457,1.039660096,0.19717072,4.870358944,0.091160126
210,//Users/rentaluser/desktop/thesisVideo/videos/FullVideo/videoFaceAnalysis_temp_pilotTeam1VeroRound3/00072.png,1397,P1,99.99780273,3,12,22,FALSE,TRUE,FALSE,Female,FALSE,FALSE,TRUE,FALSE,8.128351212,18.61871147,1.472392082,1.494848251,1.703535795,0.439878821,67.33417511,0.808114111
211,//Users/rentaluser/desktop/thesisVideo/videos/FullVideo/videoFaceAnalysis_temp_pilotTeam1VeroRound3/00073.png,1417,P3,99.99739838,1,25,39,FALSE,FALSE,FALSE,Male,TRUE,FALSE,TRUE,FALSE,53.70799255,13.38155842,0.877015173,3.20879817,1.285654187,17.43198967,8.940709114,1.166291833
212,//Users/rentaluser/desktop/thesisVideo/videos/FullVideo/videoFaceAnalysis_temp_pilotTeam1VeroRound3/00073.png,1417,P2,99.99549866,2,13,23,FALSE,FALSE,FALSE,Female,FALSE,FALSE,TRUE,FALSE,1.535882473,92.95865631,0.382115632,0.630789757,1.286729455,0.190862954,2.89816618,0.116796032
213,//Users/rentaluser/desktop/thesisVideo/videos/FullVideo/videoFaceAnalysis_temp_pilotTeam1VeroRound3/00073.png,1417,P1,99.99829865,3,13,25,FALSE,TRUE,FALSE,Female,FALSE,FALSE,TRUE,FALSE,5.44059515,72.95176697,2.50094986,1.680721283,1.834965467,0.313630015,14.36274815,0.914620638
214,//Users/rentaluser/desktop/thesisVideo/videos/FullVideo/videoFaceAnalysis_temp_pilotTeam1VeroRound3/00074.png,1437,P3,99.99739838,1,23,37,FALSE,FALSE,FALSE,Male,TRUE,FALSE,TRUE,FALSE,64.67703247,10.17666912,0.537943602,0.926255643,0.832562983,16.63555908,5.289674282,0.924304128
215,//Users/rentaluser/desktop/thesisVideo/videos/FullVideo/videoFaceAnalysis_temp_pilotTeam1VeroRound3/00074.png,1437,P2,99.99549866,2,12,22,FALSE,FALSE,FALSE,Female,FALSE,FALSE,TRUE,FALSE,3.933335781,86.97466278,0.32807821,0.865067422,1.175349355,0.193165809,6.393864155,0.136479169
216,//Users/rentaluser/desktop/thesisVideo/videos/FullVideo/videoFaceAnalysis_temp_pilotTeam1VeroRound3/00074.png,1437,P1,99.99829865,3,12,22,FALSE,TRUE,FALSE,Female,FALSE,FALSE,TRUE,FALSE,7.043932438,7.262741566,0.713610113,12.27388573,6.707680225,1.889527202,63.48348236,0.625136256
217,//Users/rentaluser/desktop/thesisVideo/videos/FullVideo/videoFaceAnalysis_temp_pilotTeam1VeroRound3/00075.png,1457,P3,99.99739838,1,23,35,FALSE,FALSE,FALSE,Male,TRUE,FALSE,TRUE,FALSE,0.292323202,98.04692841,0.223668948,0.088834845,0.33634612,0.038764074,0.947264016,0.025877465
218,//Users/rentaluser/desktop/thesisVideo/videos/FullVideo/videoFaceAnalysis_temp_pilotTeam1VeroRound3/00075.png,1457,P2,99.99720001,2,13,25,TRUE,FALSE,FALSE,Female,FALSE,FALSE,TRUE,FALSE,0.049921744,0.141913384,99.45272827,0.128995746,0.040289458,0.068489365,0.030199677,0.087461948
219,//Users/rentaluser/desktop/thesisVideo/videos/FullVideo/videoFaceAnalysis_temp_pilotTeam1VeroRound3/00075.png,1457,P1,99.99780273,3,20,32,FALSE,TRUE,FALSE,Male,FALSE,FALSE,TRUE,TRUE,7.026217937,36.12242126,11.96326447,5.625529289,0.643860102,0.853220463,0.702921867,37.06256485
220,//Users/rentaluser/desktop/thesisVideo/videos/FullVideo/videoFaceAnalysis_temp_pilotTeam1VeroRound3/00076.png,1477,P2,99.99549866,1,16,28,FALSE,FALSE,FALSE,Female,FALSE,FALSE,FALSE,FALSE,0.25388211,95.90892792,1.415660143,0.149193972,0.127914846,0.125143871,0.49285242,1.526436806
221,//Users/rentaluser/desktop/thesisVideo/videos/FullVideo/videoFaceAnalysis_temp_pilotTeam1VeroRound3/00076.png,1477,P3,99.99469757,2,14,26,FALSE,FALSE,FALSE,Male,FALSE,FALSE,FALSE,FALSE,1.00598228,93.01009369,1.770040393,0.852008939,1.00822556,0.164408281,0.549394667,1.639840722
222,//Users/rentaluser/desktop/thesisVideo/videos/FullVideo/videoFaceAnalysis_temp_pilotTeam1VeroRound3/00076.png,1477,P1,99.99829865,3,22,34,FALSE,TRUE,FALSE,Male,FALSE,FALSE,TRUE,FALSE,10.80603218,77.16804504,2.173901796,2.759442806,0.750227511,0.359569758,2.28528595,3.697497129
223,//Users/rentaluser/desktop/thesisVideo/videos/FullVideo/videoFaceAnalysis_temp_pilotTeam1VeroRound3/00077.png,1497,P3,99.99639893,1,25,39,FALSE,FALSE,FALSE,Male,FALSE,FALSE,FALSE,FALSE,90.79605103,0.343732595,0.004402325,0.038196497,0.015493345,0.042301103,8.740365982,0.019456763
224,//Users/rentaluser/desktop/thesisVideo/videos/FullVideo/videoFaceAnalysis_temp_pilotTeam1VeroRound3/00077.png,1497,P1,99.99829865,2,12,22,FALSE,TRUE,FALSE,Female,FALSE,FALSE,TRUE,FALSE,5.348460674,83.57839966,2.427706957,2.420825243,0.956193447,0.508322537,2.699014664,2.061082125
225,//Users/rentaluser/desktop/thesisVideo/videos/FullVideo/videoFaceAnalysis_temp_pilotTeam1VeroRound3/00078.png,1517,P2,99.98889923,1,13,23,FALSE,FALSE,FALSE,Female,FALSE,FALSE,TRUE,FALSE,0.252387613,95.51171112,2.97744298,0.153861597,0.162645906,0.055761874,0.597794712,0.288393825
226,//Users/rentaluser/desktop/thesisVideo/videos/FullVideo/videoFaceAnalysis_temp_pilotTeam1VeroRound3/00078.png,1517,P3,99.99739838,2,22,34,FALSE,FALSE,FALSE,Male,TRUE,FALSE,FALSE,FALSE,0.258756399,20.62994766,0.00843174,0.005110638,0.163128704,0.02870582,78.9008255,0.005095055
227,//Users/rentaluser/desktop/thesisVideo/videos/FullVideo/videoFaceAnalysis_temp_pilotTeam1VeroRound3/00078.png,1517,P1,99.99829865,3,20,32,TRUE,TRUE,FALSE,Female,FALSE,FALSE,TRUE,FALSE,2.462226152,12.17545605,78.3588028,3.42675066,0.342039704,0.365016162,0.705754399,2.163957357
228,//Users/rentaluser/desktop/thesisVideo/videos/FullVideo/videoFaceAnalysis_temp_pilotTeam1VeroRound3/00079.png,1537,P2,99.99720001,1,12,22,FALSE,FALSE,FALSE,Female,FALSE,FALSE,TRUE,FALSE,5.640512466,59.68318176,14.40931988,3.964717627,1.247695923,1.234787703,12.80893707,1.010851145
229,//Users/rentaluser/desktop/thesisVideo/videos/FullVideo/videoFaceAnalysis_temp_pilotTeam1VeroRound3/00079.png,1537,P3,NA,2,17,29,FALSE,FALSE,FALSE,Male,FALSE,FALSE,TRUE,FALSE,7.047148705,22.67609024,0.171380162,0.46417433,2.393182039,0.561857045,65.7674408,0.918722153
230,//Users/rentaluser/desktop/thesisVideo/videos/FullVideo/videoFaceAnalysis_temp_pilotTeam1VeroRound3/00079.png,1537,P1,99.99620056,3,21,33,FALSE,TRUE,FALSE,Female,FALSE,FALSE,TRUE,FALSE,0.307733566,0.366866648,0.020185029,0.112316772,0.060003683,0.473729342,98.63919067,0.019972064
231,//Users/rentaluser/desktop/thesisVideo/videos/FullVideo/videoFaceAnalysis_temp_pilotTeam1VeroRound3/00080.png,1557,P2,99.98889923,1,12,22,FALSE,FALSE,FALSE,Female,FALSE,FALSE,TRUE,FALSE,0.070267104,97.10001373,2.389370918,0.147148371,0.056482747,0.008831937,0.189808682,0.038071588
232,//Users/rentaluser/desktop/thesisVideo/videos/FullVideo/videoFaceAnalysis_temp_pilotTeam1VeroRound3/00080.png,1557,P3,99.99739838,2,22,34,FALSE,FALSE,FALSE,Male,TRUE,FALSE,TRUE,FALSE,4.010891438,88.53499603,0.224564388,0.476181924,1.193181634,0.095550835,5.290249348,0.174386293
233,//Users/rentaluser/desktop/thesisVideo/videos/FullVideo/videoFaceAnalysis_temp_pilotTeam1VeroRound3/00080.png,1557,P1,99.99829865,3,21,33,FALSE,TRUE,FALSE,Female,FALSE,FALSE,TRUE,FALSE,2.063519239,89.28671265,1.901734114,1.02974093,1.034700871,1.257515311,2.921387434,0.504690528
234,//Users/rentaluser/desktop/thesisVideo/videos/FullVideo/videoFaceAnalysis_temp_pilotTeam1VeroRound3/00081.png,1577,P3,99.99639893,1,22,34,TRUE,FALSE,FALSE,Male,FALSE,FALSE,TRUE,FALSE,0.877325118,0.700816631,97.19721222,0.197297916,0.218316212,0.118843943,0.141467825,0.54871738
235,//Users/rentaluser/desktop/thesisVideo/videos/FullVideo/videoFaceAnalysis_temp_pilotTeam1VeroRound3/00081.png,1577,P2,99.99720001,2,13,25,TRUE,FALSE,FALSE,Female,FALSE,FALSE,TRUE,FALSE,0.249065757,1.424587011,97.01998901,0.479166955,0.191447541,0.139417887,0.210612193,0.285718739
236,//Users/rentaluser/desktop/thesisVideo/videos/FullVideo/videoFaceAnalysis_temp_pilotTeam1VeroRound3/00081.png,1577,P1,99.99620056,3,13,23,FALSE,TRUE,FALSE,Female,FALSE,FALSE,TRUE,FALSE,4.524525642,72.70744324,9.253396034,8.495974541,1.091567278,0.481254995,1.608621359,1.837226987
237,//Users/rentaluser/desktop/thesisVideo/videos/FullVideo/videoFaceAnalysis_temp_pilotTeam1VeroRound3/00082.png,1597,P2,99.98889923,1,12,22,TRUE,FALSE,FALSE,Female,FALSE,FALSE,TRUE,TRUE,0.127109215,0.38687104,98.70834351,0.221579343,0.101932921,0.056553487,0.061611161,0.336002856
238,//Users/rentaluser/desktop/thesisVideo/videos/FullVideo/videoFaceAnalysis_temp_pilotTeam1VeroRound3/00082.png,1597,P3,99.99469757,2,19,31,TRUE,FALSE,FALSE,Male,TRUE,FALSE,TRUE,TRUE,2.989890814,6.069583416,85.26631165,0.427552581,0.637500703,2.919675827,0.991963506,0.697531343
239,//Users/rentaluser/desktop/thesisVideo/videos/FullVideo/videoFaceAnalysis_temp_pilotTeam1VeroRound3/00082.png,1597,P1,99.99780273,3,21,33,FALSE,TRUE,FALSE,Female,FALSE,FALSE,TRUE,FALSE,4.092936516,60.25211716,20.57640839,6.565900326,0.747273684,0.392249733,1.562493801,5.810619831
240,//Users/rentaluser/desktop/thesisVideo/videos/FullVideo/videoFaceAnalysis_temp_pilotTeam1VeroRound3/00083.png,1617,P3,99.99639893,1,23,37,TRUE,FALSE,FALSE,Male,TRUE,FALSE,TRUE,FALSE,1.673690557,11.0584898,81.77241516,0.91000402,1.145709634,1.142848969,0.564627409,1.73221159
241,//Users/rentaluser/desktop/thesisVideo/videos/FullVideo/videoFaceAnalysis_temp_pilotTeam1VeroRound3/00083.png,1617,P2,99.98889923,2,12,22,FALSE,FALSE,FALSE,Female,FALSE,FALSE,TRUE,FALSE,0.186688885,94.7109375,4.278228283,0.281684756,0.120595761,0.024804194,0.320958614,0.076095365
242,//Users/rentaluser/desktop/thesisVideo/videos/FullVideo/videoFaceAnalysis_temp_pilotTeam1VeroRound3/00083.png,1617,P1,99.99829865,3,18,30,FALSE,TRUE,FALSE,Female,FALSE,FALSE,TRUE,FALSE,1.205603838,95.33769989,1.120883822,0.839109719,0.180869043,0.093925036,0.910126984,0.3117778
243,//Users/rentaluser/desktop/thesisVideo/videos/FullVideo/videoFaceAnalysis_temp_pilotTeam1VeroRound3/00084.png,1637,P3,99.99739838,1,22,34,TRUE,FALSE,FALSE,Male,TRUE,FALSE,TRUE,TRUE,0.698864758,0.64959991,95.4292984,0.203205571,0.390860438,0.393151909,0.246990517,1.988028765
244,//Users/rentaluser/desktop/thesisVideo/videos/FullVideo/videoFaceAnalysis_temp_pilotTeam1VeroRound3/00084.png,1637,P2,99.99720001,2,12,22,TRUE,FALSE,FALSE,Female,FALSE,FALSE,TRUE,FALSE,0.807059646,2.557432175,86.32313538,8.549699783,0.332594633,0.275765866,0.533185422,0.62112391
245,//Users/rentaluser/desktop/thesisVideo/videos/FullVideo/videoFaceAnalysis_temp_pilotTeam1VeroRound3/00084.png,1637,P1,99.99780273,3,22,34,TRUE,TRUE,FALSE,Female,FALSE,FALSE,TRUE,TRUE,0.300671846,0.158161059,97.53062439,0.773525774,0.109111354,0.118603826,0.051606189,0.957687497
246,//Users/rentaluser/desktop/thesisVideo/videos/FullVideo/videoFaceAnalysis_temp_pilotTeam1VeroRound3/00085.png,1657,P3,99.99739838,1,22,34,FALSE,FALSE,FALSE,Male,TRUE,FALSE,TRUE,FALSE,13.6842165,37.85623169,39.73009109,1.57802248,1.710526466,0.973609209,0.971167564,3.496133089
247,//Users/rentaluser/desktop/thesisVideo/videos/FullVideo/videoFaceAnalysis_temp_pilotTeam1VeroRound3/00085.png,1657,P2,99.98889923,2,13,23,FALSE,FALSE,FALSE,Female,FALSE,FALSE,TRUE,FALSE,0.662094355,57.03042603,35.39482498,1.994191885,1.335601926,0.794510901,2.201962471,0.586379766
248,//Users/rentaluser/desktop/thesisVideo/videos/FullVideo/videoFaceAnalysis_temp_pilotTeam1VeroRound3/00085.png,1657,P1,99.99780273,3,21,33,TRUE,TRUE,FALSE,Male,FALSE,FALSE,TRUE,TRUE,5.946529865,15.9292984,22.51939774,10.7874794,0.998377979,0.519383907,0.885311782,42.41421509
249,//Users/rentaluser/desktop/thesisVideo/videos/FullVideo/videoFaceAnalysis_temp_pilotTeam1VeroRound3/00086.png,1677,P3,99.99549866,1,23,35,FALSE,FALSE,FALSE,Male,TRUE,FALSE,TRUE,FALSE,2.580479622,95.8139801,0.215568393,0.079766013,0.433508724,0.062871195,0.564442933,0.249382943
250,//Users/rentaluser/desktop/thesisVideo/videos/FullVideo/videoFaceAnalysis_temp_pilotTeam1VeroRound3/00086.png,1677,P2,99.98889923,2,13,25,FALSE,FALSE,FALSE,Female,FALSE,FALSE,TRUE,FALSE,0.633737087,88.6651535,3.762007475,0.791654348,1.1867944,0.739035785,3.961296797,0.260319799
251,//Users/rentaluser/desktop/thesisVideo/videos/FullVideo/videoFaceAnalysis_temp_pilotTeam1VeroRound3/00086.png,1677,P1,99.99780273,3,22,34,FALSE,TRUE,FALSE,Female,FALSE,FALSE,TRUE,FALSE,10.30274677,66.54343414,7.131662846,6.199892044,1.204214573,0.463042825,3.199644327,4.955356121
252,//Users/rentaluser/desktop/thesisVideo/videos/FullVideo/videoFaceAnalysis_temp_pilotTeam1VeroRound3/00087.png,1697,P3,99.99739838,1,24,38,FALSE,FALSE,FALSE,Male,TRUE,FALSE,TRUE,FALSE,1.144323349,97.53760529,0.04250503,0.021694668,0.521722078,0.031019799,0.643553019,0.057582237
253,//Users/rentaluser/desktop/thesisVideo/videos/FullVideo/videoFaceAnalysis_temp_pilotTeam1VeroRound3/00087.png,1697,P2,99.98889923,2,16,28,FALSE,FALSE,FALSE,Female,FALSE,FALSE,TRUE,FALSE,1.983638883,88.64330292,1.321232915,1.048480392,1.916546941,0.41483748,4.419761658,0.252189994
254,//Users/rentaluser/desktop/thesisVideo/videos/FullVideo/videoFaceAnalysis_temp_pilotTeam1VeroRound3/00087.png,1697,P1,99.99780273,3,22,34,FALSE,TRUE,FALSE,Female,FALSE,FALSE,TRUE,FALSE,12.19523907,53.91569901,10.50485516,10.22723293,1.477963686,0.559157312,3.734380722,7.385472298
255,//Users/rentaluser/desktop/thesisVideo/videos/FullVideo/videoFaceAnalysis_temp_pilotTeam1VeroRound3/00088.png,1717,P3,99.99739838,1,23,35,FALSE,FALSE,FALSE,Male,TRUE,FALSE,TRUE,FALSE,5.785553455,92.37020111,0.06631992,0.091554306,0.850917578,0.055353709,0.550682247,0.229431152
256,//Users/rentaluser/desktop/thesisVideo/videos/FullVideo/videoFaceAnalysis_temp_pilotTeam1VeroRound3/00088.png,1717,P2,99.99549866,2,13,25,FALSE,FALSE,FALSE,Female,FALSE,FALSE,TRUE,FALSE,1.278435111,91.1187439,0.774245918,0.551563144,1.099814177,0.205675438,4.832530022,0.138999835
257,//Users/rentaluser/desktop/thesisVideo/videos/FullVideo/videoFaceAnalysis_temp_pilotTeam1VeroRound3/00088.png,1717,P1,99.99780273,3,18,30,TRUE,TRUE,FALSE,Female,FALSE,FALSE,TRUE,TRUE,4.530415535,1.758288383,66.85378265,23.36640358,0.643765271,0.465868175,1.478688002,0.902785242
258,//Users/rentaluser/desktop/thesisVideo/videos/FullVideo/videoFaceAnalysis_temp_pilotTeam1VeroRound3/00089.png,1737,P3,99.99739838,1,22,34,FALSE,FALSE,FALSE,Male,TRUE,FALSE,TRUE,FALSE,2.716507912,61.02721786,29.49423409,1.1394099,2.01802969,0.438808173,0.45049122,2.715299368
259,//Users/rentaluser/desktop/thesisVideo/videos/FullVideo/videoFaceAnalysis_temp_pilotTeam1VeroRound3/00089.png,1737,P2,99.98889923,2,13,25,FALSE,FALSE,FALSE,Female,FALSE,FALSE,TRUE,FALSE,0.960425556,79.44338226,13.77572155,1.622393131,0.838408589,0.758477747,2.178124905,0.423069537
260,//Users/rentaluser/desktop/thesisVideo/videos/FullVideo/videoFaceAnalysis_temp_pilotTeam1VeroRound3/00089.png,1737,P1,99.99780273,3,22,34,FALSE,TRUE,FALSE,Female,FALSE,FALSE,TRUE,TRUE,13.19365501,39.86885834,11.41291523,13.80922604,1.011654496,1.066169739,3.902816296,15.73470211
261,//Users/rentaluser/desktop/thesisVideo/videos/FullVideo/videoFaceAnalysis_temp_pilotTeam1VeroRound3/00090.png,1757,P3,99.99739838,1,22,34,FALSE,FALSE,FALSE,Male,TRUE,FALSE,TRUE,FALSE,0.326034039,98.7742157,0.086033516,0.039872151,0.295604289,0.031684674,0.375598341,0.070953555
262,//Users/rentaluser/desktop/thesisVideo/videos/FullVideo/videoFaceAnalysis_temp_pilotTeam1VeroRound3/00090.png,1757,P2,99.99549866,2,16,28,FALSE,FALSE,FALSE,Female,FALSE,FALSE,TRUE,FALSE,1.069446921,88.17176819,2.79432106,0.899561226,1.209266067,0.433198512,5.234639168,0.187804967
263,//Users/rentaluser/desktop/thesisVideo/videos/FullVideo/videoFaceAnalysis_temp_pilotTeam1VeroRound3/00090.png,1757,P1,99.99780273,3,18,30,FALSE,TRUE,FALSE,Female,FALSE,FALSE,TRUE,FALSE,14.52154064,33.58463669,14.4165144,13.84398937,1.972307801,1.046549439,16.96397018,3.65048933
264,//Users/rentaluser/desktop/thesisVideo/videos/FullVideo/videoFaceAnalysis_temp_pilotTeam1VeroRound3/00091.png,1777,P3,99.99739838,1,22,34,FALSE,FALSE,FALSE,Male,TRUE,FALSE,TRUE,FALSE,3.61938405,94.35133362,0.065858886,0.125146016,0.851846695,0.093232319,0.589681447,0.303513169
265,//Users/rentaluser/desktop/thesisVideo/videos/FullVideo/videoFaceAnalysis_temp_pilotTeam1VeroRound3/00091.png,1777,P2,99.99549866,2,21,33,FALSE,FALSE,FALSE,Female,FALSE,FALSE,TRUE,FALSE,2.130067348,92.63548279,0.688524961,0.61575675,0.942047596,0.224847913,2.628978729,0.13430196
266,//Users/rentaluser/desktop/thesisVideo/videos/FullVideo/videoFaceAnalysis_temp_pilotTeam1VeroRound3/00091.png,1777,P1,99.99780273,3,22,34,TRUE,TRUE,FALSE,Female,FALSE,FALSE,TRUE,FALSE,6.224223137,16.3254776,56.76516342,9.75270462,0.839961767,1.080132484,2.375220537,6.637112141
267,//Users/rentaluser/desktop/thesisVideo/videos/FullVideo/videoFaceAnalysis_temp_pilotTeam1VeroRound3/00092.png,1797,P3,99.99739838,1,22,34,FALSE,FALSE,FALSE,Male,TRUE,FALSE,TRUE,FALSE,4.158624172,94.2545929,0.078713462,0.064458817,0.588409543,0.065353557,0.581094503,0.208748803
268,//Users/rentaluser/desktop/thesisVideo/videos/FullVideo/videoFaceAnalysis_temp_pilotTeam1VeroRound3/00092.png,1797,P2,99.99549866,2,13,23,FALSE,FALSE,FALSE,Female,FALSE,FALSE,TRUE,FALSE,29.0481987,58.9897995,0.514630556,0.708427608,0.807484627,0.386989266,9.152789116,0.391677171
269,//Users/rentaluser/desktop/thesisVideo/videos/FullVideo/videoFaceAnalysis_temp_pilotTeam1VeroRound3/00092.png,1797,P1,99.99780273,3,14,26,FALSE,TRUE,FALSE,Female,FALSE,FALSE,TRUE,FALSE,2.376007557,82.70828247,5.879752159,3.188475609,1.222637057,0.167001784,1.184874654,3.272973061
270,//Users/rentaluser/desktop/thesisVideo/videos/FullVideo/videoFaceAnalysis_temp_pilotTeam1VeroRound3/00093.png,1817,P3,99.99739838,1,21,33,FALSE,FALSE,FALSE,Male,TRUE,FALSE,TRUE,FALSE,1.638003826,1.343498707,0.212396443,0.25543201,0.312769383,93.43698883,2.616137505,0.184771597
271,//Users/rentaluser/desktop/thesisVideo/videos/FullVideo/videoFaceAnalysis_temp_pilotTeam1VeroRound3/00093.png,1817,P2,99.98889923,2,16,28,FALSE,FALSE,FALSE,Female,FALSE,FALSE,TRUE,FALSE,1.262892604,84.46160889,0.362916827,0.426863313,0.880516887,0.239688247,12.28155518,0.083959341
272,//Users/rentaluser/desktop/thesisVideo/videos/FullVideo/videoFaceAnalysis_temp_pilotTeam1VeroRound3/00093.png,1817,P1,99.99829865,3,21,33,FALSE,TRUE,FALSE,Male,FALSE,FALSE,TRUE,FALSE,6.70729208,82.47998047,2.845082283,1.598822832,0.763731897,0.43859148,2.067667246,3.098840714
273,//Users/rentaluser/desktop/thesisVideo/videos/FullVideo/videoFaceAnalysis_temp_pilotTeam1VeroRound3/00094.png,1837,P3,99.99739838,1,22,34,FALSE,FALSE,FALSE,Male,TRUE,FALSE,TRUE,FALSE,18.79301262,9.102027893,0.811602354,1.708313584,0.993030429,53.85514069,14.08396912,0.652905345
274,//Users/rentaluser/desktop/thesisVideo/videos/FullVideo/videoFaceAnalysis_temp_pilotTeam1VeroRound3/00094.png,1837,P2,99.98889923,2,12,22,FALSE,FALSE,FALSE,Female,FALSE,FALSE,TRUE,FALSE,0.996655762,87.63636017,0.452339798,0.3583664,0.79161787,0.319925994,9.341524124,0.103201345
275,//Users/rentaluser/desktop/thesisVideo/videos/FullVideo/videoFaceAnalysis_temp_pilotTeam1VeroRound3/00094.png,1837,P1,99.99829865,3,16,28,FALSE,TRUE,FALSE,Female,FALSE,FALSE,TRUE,FALSE,18.23695374,64.34716034,1.214478135,3.693367958,1.397465587,0.392871112,8.9190588,1.798640251
276,//Users/rentaluser/desktop/thesisVideo/videos/FullVideo/videoFaceAnalysis_temp_pilotTeam1VeroRound3/00095.png,1857,P3,99.99739838,1,26,42,FALSE,FALSE,FALSE,Male,TRUE,FALSE,TRUE,FALSE,45.49811935,14.92222118,0.856910944,3.087001801,1.077287078,9.708981514,24.08626366,0.763215899
277,//Users/rentaluser/desktop/thesisVideo/videos/FullVideo/videoFaceAnalysis_temp_pilotTeam1VeroRound3/00095.png,1857,P2,99.99549866,2,13,23,FALSE,FALSE,FALSE,Female,FALSE,FALSE,TRUE,FALSE,2.691835403,88.51763916,0.329777867,0.644413531,1.544950962,0.218219653,5.9290452,0.124119818
278,//Users/rentaluser/desktop/thesisVideo/videos/FullVideo/videoFaceAnalysis_temp_pilotTeam1VeroRound3/00095.png,1857,P1,99.99780273,3,19,31,FALSE,TRUE,FALSE,Female,FALSE,FALSE,TRUE,FALSE,11.86493111,47.79323959,1.782918334,3.355094433,2.889596462,0.285243064,30.79715157,1.23183167
279,//Users/rentaluser/desktop/thesisVideo/videos/FullVideo/videoFaceAnalysis_temp_pilotTeam1VeroRound3/00096.png,1877,P3,99.99739838,1,23,37,FALSE,FALSE,FALSE,Male,TRUE,FALSE,TRUE,FALSE,52.26670074,6.537151337,0.448972315,2.712608099,0.71753037,31.18103218,4.876932144,1.259079218
280,//Users/rentaluser/desktop/thesisVideo/videos/FullVideo/videoFaceAnalysis_temp_pilotTeam1VeroRound3/00096.png,1877,P2,99.98889923,2,13,23,FALSE,FALSE,FALSE,Female,FALSE,FALSE,TRUE,FALSE,4.023740292,80.76287842,0.47747758,0.541397274,1.486203909,0.468898803,12.0160532,0.223344281
281,//Users/rentaluser/desktop/thesisVideo/videos/FullVideo/videoFaceAnalysis_temp_pilotTeam1VeroRound3/00096.png,1877,P1,99.99829865,3,21,33,FALSE,TRUE,FALSE,Female,FALSE,FALSE,TRUE,FALSE,20.1317215,62.33785248,2.776122093,2.767075539,1.276263356,0.386403978,7.617859364,2.706701279
282,//Users/rentaluser/desktop/thesisVideo/videos/FullVideo/videoFaceAnalysis_temp_pilotTeam1VeroRound3/00097.png,1897,P3,99.99739838,1,23,35,FALSE,FALSE,FALSE,Male,TRUE,FALSE,TRUE,FALSE,56.81843567,4.442234516,0.513155103,3.406068325,0.801236153,20.66928101,12.47929668,0.870294571
283,//Users/rentaluser/desktop/thesisVideo/videos/FullVideo/videoFaceAnalysis_temp_pilotTeam1VeroRound3/00097.png,1897,P2,99.99549866,2,13,23,FALSE,FALSE,FALSE,Female,FALSE,FALSE,TRUE,FALSE,2.597508669,88.07067108,0.462578833,0.934662282,1.388482451,0.312037289,6.095738888,0.138323352
284,//Users/rentaluser/desktop/thesisVideo/videos/FullVideo/videoFaceAnalysis_temp_pilotTeam1VeroRound3/00097.png,1897,P1,99.99780273,3,14,26,FALSE,TRUE,FALSE,Female,FALSE,FALSE,TRUE,FALSE,15.40647411,49.01213837,1.364166856,3.035948992,4.316741943,0.283254594,25.42036438,1.160913467
285,//Users/rentaluser/desktop/thesisVideo/videos/FullVideo/videoFaceAnalysis_temp_pilotTeam1VeroRound3/00098.png,1917,P3,99.99739838,1,25,39,FALSE,FALSE,FALSE,Male,TRUE,FALSE,TRUE,FALSE,58.57936859,4.507125378,0.428983718,1.086219192,0.845596373,29.54969978,3.893260241,1.109741688
286,//Users/rentaluser/desktop/thesisVideo/videos/FullVideo/videoFaceAnalysis_temp_pilotTeam1VeroRound3/00098.png,1917,P2,99.99549866,2,13,23,FALSE,FALSE,FALSE,Female,FALSE,FALSE,TRUE,FALSE,3.208244562,88.71938324,0.409253955,0.609553158,1.368861079,0.264744878,5.249202728,0.170771241
287,//Users/rentaluser/desktop/thesisVideo/videos/FullVideo/videoFaceAnalysis_temp_pilotTeam1VeroRound3/00098.png,1917,P1,99.99829865,3,22,34,FALSE,TRUE,FALSE,Female,FALSE,FALSE,TRUE,FALSE,2.684720516,8.776688576,2.214967728,29.56969452,0.983647883,0.452714741,55.09641266,0.221157566